2026-03-06 21:04:50 [error]: error: column "password" of relation "users" does not exist
    at C:\Users\Teacher\Music\invencea\backend\node_modules\pg\lib\client.js:631:17
    at process.processTicksAndRejections (node:internal/process/task_queues:103:5)
    at async seed (C:\Users\Teacher\Music\invencea\backend\seeds\index.js:35:7)
2026-03-06 21:05:40 [error]: error: permission denied for table users
    at C:\Users\Teacher\Music\invencea\backend\node_modules\pg\lib\client.js:631:17
    at process.processTicksAndRejections (node:internal/process/task_queues:103:5)
    at async seed (C:\Users\Teacher\Music\invencea\backend\seeds\index.js:35:7)
2026-03-06 22:23:16 [error]: Error: Invalid credentials
    at Object.adminLogin (C:\Users\Teacher\Music\invencea\backend\src\services\auth.service.js:113:41)
    at process.processTicksAndRejections (node:internal/process/task_queues:103:5)
    at async adminLogin (C:\Users\Teacher\Music\invencea\backend\src\controllers\auth.controller.js:39:20)
2026-03-06 23:03:20 [error]: Error: Invalid credentials
    at Object.adminLogin (C:\Users\Teacher\Music\invencea\backend\src\services\auth.service.js:119:35)
    at async adminLogin (C:\Users\Teacher\Music\invencea\backend\src\controllers\auth.controller.js:39:20)
2026-03-07 11:27:20 [error]: Error: Invalid credentials
    at Object.adminLogin (C:\Users\Teacher\Music\invencea\backend\src\services\auth.service.js:119:35)
    at async adminLogin (C:\Users\Teacher\Music\invencea\backend\src\controllers\auth.controller.js:39:20)
2026-03-07 17:01:10 [error]: Error: Room is required
    at Object.createUnifiedItem (C:\Users\Teacher\Music\invencea\backend\src\services\inventory.service.js:157:25)
    at createItem (C:\Users\Teacher\Music\invencea\backend\src\controllers\inventory.controller.js:74:41)
    at Layer.handle [as handle_request] (C:\Users\Teacher\Music\invencea\backend\node_modules\express\lib\router\layer.js:95:5)
    at next (C:\Users\Teacher\Music\invencea\backend\node_modules\express\lib\router\route.js:149:13)
    at C:\Users\Teacher\Music\invencea\backend\src\middleware\roleMiddleware.js:13:5
    at Layer.handle [as handle_request] (C:\Users\Teacher\Music\invencea\backend\node_modules\express\lib\router\layer.js:95:5)
    at next (C:\Users\Teacher\Music\invencea\backend\node_modules\express\lib\router\route.js:149:13)
    at Route.dispatch (C:\Users\Teacher\Music\invencea\backend\node_modules\express\lib\router\route.js:119:3)
    at Layer.handle [as handle_request] (C:\Users\Teacher\Music\invencea\backend\node_modules\express\lib\router\layer.js:95:5)
    at C:\Users\Teacher\Music\invencea\backend\node_modules\express\lib\router\index.js:284:15
    at router.process_params (C:\Users\Teacher\Music\invencea\backend\node_modules\express\lib\router\index.js:346:12)
    at next (C:\Users\Teacher\Music\invencea\backend\node_modules\express\lib\router\index.js:280:10)
    at protect (C:\Users\Teacher\Music\invencea\backend\src\middleware\authMiddleware.js:31:5)
    at Layer.handle [as handle_request] (C:\Users\Teacher\Music\invencea\backend\node_modules\express\lib\router\layer.js:95:5)
    at trim_prefix (C:\Users\Teacher\Music\invencea\backend\node_modules\express\lib\router\index.js:328:13)
    at C:\Users\Teacher\Music\invencea\backend\node_modules\express\lib\router\index.js:286:9
2026-03-07 17:01:43 [error]: Error: Room is required
    at Object.createUnifiedItem (C:\Users\Teacher\Music\invencea\backend\src\services\inventory.service.js:157:25)
    at createItem (C:\Users\Teacher\Music\invencea\backend\src\controllers\inventory.controller.js:74:41)
    at Layer.handle [as handle_request] (C:\Users\Teacher\Music\invencea\backend\node_modules\express\lib\router\layer.js:95:5)
    at next (C:\Users\Teacher\Music\invencea\backend\node_modules\express\lib\router\route.js:149:13)
    at C:\Users\Teacher\Music\invencea\backend\src\middleware\roleMiddleware.js:13:5
    at Layer.handle [as handle_request] (C:\Users\Teacher\Music\invencea\backend\node_modules\express\lib\router\layer.js:95:5)
    at next (C:\Users\Teacher\Music\invencea\backend\node_modules\express\lib\router\route.js:149:13)
    at Route.dispatch (C:\Users\Teacher\Music\invencea\backend\node_modules\express\lib\router\route.js:119:3)
    at Layer.handle [as handle_request] (C:\Users\Teacher\Music\invencea\backend\node_modules\express\lib\router\layer.js:95:5)
    at C:\Users\Teacher\Music\invencea\backend\node_modules\express\lib\router\index.js:284:15
    at router.process_params (C:\Users\Teacher\Music\invencea\backend\node_modules\express\lib\router\index.js:346:12)
    at next (C:\Users\Teacher\Music\invencea\backend\node_modules\express\lib\router\index.js:280:10)
    at protect (C:\Users\Teacher\Music\invencea\backend\src\middleware\authMiddleware.js:31:5)
    at Layer.handle [as handle_request] (C:\Users\Teacher\Music\invencea\backend\node_modules\express\lib\router\layer.js:95:5)
    at trim_prefix (C:\Users\Teacher\Music\invencea\backend\node_modules\express\lib\router\index.js:328:13)
    at C:\Users\Teacher\Music\invencea\backend\node_modules\express\lib\router\index.js:286:9
2026-03-07 17:03:15 [error]: Error: Room is required
    at Object.createUnifiedItem (C:\Users\Teacher\Music\invencea\backend\src\services\inventory.service.js:157:25)
    at createItem (C:\Users\Teacher\Music\invencea\backend\src\controllers\inventory.controller.js:74:41)
    at Layer.handle [as handle_request] (C:\Users\Teacher\Music\invencea\backend\node_modules\express\lib\router\layer.js:95:5)
    at next (C:\Users\Teacher\Music\invencea\backend\node_modules\express\lib\router\route.js:149:13)
    at C:\Users\Teacher\Music\invencea\backend\src\middleware\roleMiddleware.js:13:5
    at Layer.handle [as handle_request] (C:\Users\Teacher\Music\invencea\backend\node_modules\express\lib\router\layer.js:95:5)
    at next (C:\Users\Teacher\Music\invencea\backend\node_modules\express\lib\router\route.js:149:13)
    at Route.dispatch (C:\Users\Teacher\Music\invencea\backend\node_modules\express\lib\router\route.js:119:3)
    at Layer.handle [as handle_request] (C:\Users\Teacher\Music\invencea\backend\node_modules\express\lib\router\layer.js:95:5)
    at C:\Users\Teacher\Music\invencea\backend\node_modules\express\lib\router\index.js:284:15
    at router.process_params (C:\Users\Teacher\Music\invencea\backend\node_modules\express\lib\router\index.js:346:12)
    at next (C:\Users\Teacher\Music\invencea\backend\node_modules\express\lib\router\index.js:280:10)
    at protect (C:\Users\Teacher\Music\invencea\backend\src\middleware\authMiddleware.js:31:5)
    at Layer.handle [as handle_request] (C:\Users\Teacher\Music\invencea\backend\node_modules\express\lib\router\layer.js:95:5)
    at trim_prefix (C:\Users\Teacher\Music\invencea\backend\node_modules\express\lib\router\index.js:328:13)
    at C:\Users\Teacher\Music\invencea\backend\node_modules\express\lib\router\index.js:286:9
2026-03-07 17:03:39 [error]: Error: Room is required
    at Object.createUnifiedItem (C:\Users\Teacher\Music\invencea\backend\src\services\inventory.service.js:157:25)
    at createItem (C:\Users\Teacher\Music\invencea\backend\src\controllers\inventory.controller.js:74:41)
    at Layer.handle [as handle_request] (C:\Users\Teacher\Music\invencea\backend\node_modules\express\lib\router\layer.js:95:5)
    at next (C:\Users\Teacher\Music\invencea\backend\node_modules\express\lib\router\route.js:149:13)
    at C:\Users\Teacher\Music\invencea\backend\src\middleware\roleMiddleware.js:13:5
    at Layer.handle [as handle_request] (C:\Users\Teacher\Music\invencea\backend\node_modules\express\lib\router\layer.js:95:5)
    at next (C:\Users\Teacher\Music\invencea\backend\node_modules\express\lib\router\route.js:149:13)
    at Route.dispatch (C:\Users\Teacher\Music\invencea\backend\node_modules\express\lib\router\route.js:119:3)
    at Layer.handle [as handle_request] (C:\Users\Teacher\Music\invencea\backend\node_modules\express\lib\router\layer.js:95:5)
    at C:\Users\Teacher\Music\invencea\backend\node_modules\express\lib\router\index.js:284:15
    at router.process_params (C:\Users\Teacher\Music\invencea\backend\node_modules\express\lib\router\index.js:346:12)
    at next (C:\Users\Teacher\Music\invencea\backend\node_modules\express\lib\router\index.js:280:10)
    at protect (C:\Users\Teacher\Music\invencea\backend\src\middleware\authMiddleware.js:31:5)
    at Layer.handle [as handle_request] (C:\Users\Teacher\Music\invencea\backend\node_modules\express\lib\router\layer.js:95:5)
    at trim_prefix (C:\Users\Teacher\Music\invencea\backend\node_modules\express\lib\router\index.js:328:13)
    at C:\Users\Teacher\Music\invencea\backend\node_modules\express\lib\router\index.js:286:9
2026-03-07 17:23:06 [error]: Error: Student with ID 2022-92929 not found
    at C:\Users\Teacher\Music\invencea\backend\src\services\request.service.js:47:17
    at process.processTicksAndRejections (node:internal/process/task_queues:103:5)
    at async withTransaction (C:\Users\Teacher\Music\invencea\backend\src\config\db.js:37:20)
    at async createRequest (C:\Users\Teacher\Music\invencea\backend\src\controllers\request.controller.js:13:18)
2026-03-07 17:28:23 [error]: Error: Each companion must have a name and student ID
    at C:\Users\Teacher\Music\invencea\backend\src\services\request.service.js:44:19
    at process.processTicksAndRejections (node:internal/process/task_queues:103:5)
    at async withTransaction (C:\Users\Teacher\Music\invencea\backend\src\config\db.js:37:20)
    at async createRequest (C:\Users\Teacher\Music\invencea\backend\src\controllers\request.controller.js:13:18)
2026-03-07 17:28:50 [error]: Error: Each companion must have a name and student ID
    at C:\Users\Teacher\Music\invencea\backend\src\services\request.service.js:44:19
    at process.processTicksAndRejections (node:internal/process/task_queues:103:5)
    at async withTransaction (C:\Users\Teacher\Music\invencea\backend\src\config\db.js:37:20)
    at async createRequest (C:\Users\Teacher\Music\invencea\backend\src\controllers\request.controller.js:13:18)
2026-03-07 18:46:21 [error]: Error: Invalid credentials
    at Object.adminLogin (C:\Users\Teacher\Music\invencea\backend\src\services\auth.service.js:120:41)
    at process.processTicksAndRejections (node:internal/process/task_queues:103:5)
    at async adminLogin (C:\Users\Teacher\Music\invencea\backend\src\controllers\auth.controller.js:78:20)
2026-03-07 19:59:51 [error]: Failed to send email to invencea@gmail.com:
2026-03-07 19:59:51 [error]: Error: self-signed certificate in certificate chain
    at TLSSocket.onConnectSecure (node:_tls_wrap:1631:34)
    at TLSSocket.emit (node:events:508:28)
    at TLSSocket._finishInit (node:_tls_wrap:1077:8)
    at ssl.onhandshakedone (node:_tls_wrap:863:12)
2026-03-07 20:00:13 [error]: Failed to send email to invencea@gmail.com:
2026-03-07 20:00:13 [error]: Error: self-signed certificate in certificate chain
    at TLSSocket.onConnectSecure (node:_tls_wrap:1631:34)
    at TLSSocket.emit (node:events:508:28)
    at TLSSocket._finishInit (node:_tls_wrap:1077:8)
    at ssl.onhandshakedone (node:_tls_wrap:863:12)
2026-03-10 12:21:17 [error]: Error: Request not found
    at Object.getRequestByQR (C:\Users\Teacher\Music\invencea\backend\src\services\request.service.js:100:41)
    at process.processTicksAndRejections (node:internal/process/task_queues:103:5)
    at async getRequestByQR (C:\Users\Teacher\Music\invencea\backend\src\controllers\request.controller.js:41:18)
2026-03-10 12:25:47 [error]: error: update or delete on table "inventory_items" violates foreign key constraint "request_items_inventory_item_id_fkey" on table "request_items"
    at C:\Users\Teacher\Music\invencea\backend\node_modules\pg-pool\index.js:45:11
    at process.processTicksAndRejections (node:internal/process/task_queues:103:5)
    at async Object.deleteUnifiedItem (C:\Users\Teacher\Music\invencea\backend\src\services\inventory.service.js:264:18)
    at async deleteItemUnified (C:\Users\Teacher\Music\invencea\backend\src\controllers\inventory.controller.js:91:18)
2026-03-10 12:25:54 [error]: error: update or delete on table "inventory_items" violates foreign key constraint "request_items_inventory_item_id_fkey" on table "request_items"
    at C:\Users\Teacher\Music\invencea\backend\node_modules\pg-pool\index.js:45:11
    at process.processTicksAndRejections (node:internal/process/task_queues:103:5)
    at async Object.deleteUnifiedItem (C:\Users\Teacher\Music\invencea\backend\src\services\inventory.service.js:264:18)
    at async deleteItemUnified (C:\Users\Teacher\Music\invencea\backend\src\controllers\inventory.controller.js:91:18)
2026-03-10 12:26:35 [error]: Error: Request not found
    at Object.getRequestByQR (C:\Users\Teacher\Music\invencea\backend\src\services\request.service.js:100:41)
    at process.processTicksAndRejections (node:internal/process/task_queues:103:5)
    at async getRequestByQR (C:\Users\Teacher\Music\invencea\backend\src\controllers\request.controller.js:41:18)
2026-03-10 12:46:00 [error]: Error: Invalid credentials
    at Object.adminLogin (C:\Users\Teacher\Music\invencea\backend\src\services\auth.service.js:120:41)
    at process.processTicksAndRejections (node:internal/process/task_queues:103:5)
    at async adminLogin (C:\Users\Teacher\Music\invencea\backend\src\controllers\auth.controller.js:78:20)
2026-03-10 14:57:18 [error]: Error: Faculty not found
    at Object.sendFacultyOTP (C:\Users\Teacher\Music\invencea\backend\src\services\auth.service.js:20:41)
    at process.processTicksAndRejections (node:internal/process/task_queues:103:5)
    at async sendOTP (C:\Users\Teacher\Music\invencea\backend\src\controllers\auth.controller.js:16:20)
2026-03-10 15:12:15 [error]: error: new row for relation "requests" violates check constraint "requests_status_check"
    at C:\Users\Teacher\Music\invencea\backend\node_modules\pg\lib\client.js:631:17
    at process.processTicksAndRejections (node:internal/process/task_queues:103:5)
    at async C:\Users\Teacher\Music\invencea\backend\src\services\request.service.js:40:22
    at async withTransaction (C:\Users\Teacher\Music\invencea\backend\src\config\db.js:37:20)
    at async createRequest (C:\Users\Teacher\Music\invencea\backend\src\controllers\request.controller.js:14:18)
2026-03-10 15:12:59 [error]: error: new row for relation "requests" violates check constraint "requests_status_check"
    at C:\Users\Teacher\Music\invencea\backend\node_modules\pg\lib\client.js:631:17
    at process.processTicksAndRejections (node:internal/process/task_queues:103:5)
    at async C:\Users\Teacher\Music\invencea\backend\src\services\request.service.js:40:22
    at async withTransaction (C:\Users\Teacher\Music\invencea\backend\src\config\db.js:37:20)
    at async createRequest (C:\Users\Teacher\Music\invencea\backend\src\controllers\request.controller.js:14:18)
2026-03-10 15:13:02 [error]: error: new row for relation "requests" violates check constraint "requests_status_check"
    at C:\Users\Teacher\Music\invencea\backend\node_modules\pg\lib\client.js:631:17
    at process.processTicksAndRejections (node:internal/process/task_queues:103:5)
    at async C:\Users\Teacher\Music\invencea\backend\src\services\request.service.js:40:22
    at async withTransaction (C:\Users\Teacher\Music\invencea\backend\src\config\db.js:37:20)
    at async createRequest (C:\Users\Teacher\Music\invencea\backend\src\controllers\request.controller.js:14:18)
2026-03-10 16:40:42 [error]: Error: Invalid credentials
    at Object.adminLogin (C:\Users\Teacher\Music\invencea\backend\src\services\auth.service.js:120:41)
    at process.processTicksAndRejections (node:internal/process/task_queues:103:5)
    at async adminLogin (C:\Users\Teacher\Music\invencea\backend\src\controllers\auth.controller.js:78:20)
2026-03-10 16:58:37 [error]: error: column ri.assigned_to does not exist
    at C:\Users\Teacher\Music\invencea\backend\node_modules\pg-pool\index.js:45:11
    at process.processTicksAndRejections (node:internal/process/task_queues:103:5)
    at async Object.listRequests (C:\Users\Teacher\Music\invencea\backend\src\services\request.service.js:165:20)
    at async listRequests (C:\Users\Teacher\Music\invencea\backend\src\controllers\request.controller.js:78:18)
2026-03-10 16:58:38 [error]: error: column ri.assigned_to does not exist
    at C:\Users\Teacher\Music\invencea\backend\node_modules\pg-pool\index.js:45:11
    at process.processTicksAndRejections (node:internal/process/task_queues:103:5)
    at async Object.listRequests (C:\Users\Teacher\Music\invencea\backend\src\services\request.service.js:165:20)
    at async listRequests (C:\Users\Teacher\Music\invencea\backend\src\controllers\request.controller.js:78:18)
2026-03-10 16:58:59 [error]: error: column ri.assigned_to does not exist
    at C:\Users\Teacher\Music\invencea\backend\node_modules\pg-pool\index.js:45:11
    at process.processTicksAndRejections (node:internal/process/task_queues:103:5)
    at async Object.listRequests (C:\Users\Teacher\Music\invencea\backend\src\services\request.service.js:165:20)
    at async listRequests (C:\Users\Teacher\Music\invencea\backend\src\controllers\request.controller.js:78:18)
2026-03-10 16:59:00 [error]: error: column ri.assigned_to does not exist
    at C:\Users\Teacher\Music\invencea\backend\node_modules\pg-pool\index.js:45:11
    at process.processTicksAndRejections (node:internal/process/task_queues:103:5)
    at async Object.listRequests (C:\Users\Teacher\Music\invencea\backend\src\services\request.service.js:165:20)
    at async listRequests (C:\Users\Teacher\Music\invencea\backend\src\controllers\request.controller.js:78:18)
2026-03-10 17:02:36 [error]: error: column ri.assigned_to does not exist
    at C:\Users\Teacher\Music\invencea\backend\node_modules\pg-pool\index.js:45:11
    at process.processTicksAndRejections (node:internal/process/task_queues:103:5)
    at async Object.listRequests (C:\Users\Teacher\Music\invencea\backend\src\services\request.service.js:165:20)
    at async listRequests (C:\Users\Teacher\Music\invencea\backend\src\controllers\request.controller.js:78:18)
2026-03-10 17:02:36 [error]: error: column ri.assigned_to does not exist
    at C:\Users\Teacher\Music\invencea\backend\node_modules\pg-pool\index.js:45:11
    at process.processTicksAndRejections (node:internal/process/task_queues:103:5)
    at async Object.listRequests (C:\Users\Teacher\Music\invencea\backend\src\services\request.service.js:165:20)
    at async listRequests (C:\Users\Teacher\Music\invencea\backend\src\controllers\request.controller.js:78:18)
2026-03-10 17:02:43 [error]: error: column ri.assigned_to does not exist
    at C:\Users\Teacher\Music\invencea\backend\node_modules\pg-pool\index.js:45:11
    at process.processTicksAndRejections (node:internal/process/task_queues:103:5)
    at async Object.listRequests (C:\Users\Teacher\Music\invencea\backend\src\services\request.service.js:165:20)
    at async listRequests (C:\Users\Teacher\Music\invencea\backend\src\controllers\request.controller.js:78:18)
2026-03-10 17:02:43 [error]: error: column ri.assigned_to does not exist
    at C:\Users\Teacher\Music\invencea\backend\node_modules\pg-pool\index.js:45:11
    at process.processTicksAndRejections (node:internal/process/task_queues:103:5)
    at async Object.listRequests (C:\Users\Teacher\Music\invencea\backend\src\services\request.service.js:165:20)
    at async listRequests (C:\Users\Teacher\Music\invencea\backend\src\controllers\request.controller.js:78:18)
2026-03-10 17:02:47 [error]: error: column ri.assigned_to does not exist
    at C:\Users\Teacher\Music\invencea\backend\node_modules\pg-pool\index.js:45:11
    at process.processTicksAndRejections (node:internal/process/task_queues:103:5)
    at async Object.listRequests (C:\Users\Teacher\Music\invencea\backend\src\services\request.service.js:165:20)
    at async listRequests (C:\Users\Teacher\Music\invencea\backend\src\controllers\request.controller.js:78:18)
2026-03-10 17:02:47 [error]: error: column ri.assigned_to does not exist
    at C:\Users\Teacher\Music\invencea\backend\node_modules\pg-pool\index.js:45:11
    at process.processTicksAndRejections (node:internal/process/task_queues:103:5)
    at async Object.listRequests (C:\Users\Teacher\Music\invencea\backend\src\services\request.service.js:165:20)
    at async listRequests (C:\Users\Teacher\Music\invencea\backend\src\controllers\request.controller.js:78:18)
2026-03-10 17:02:48 [error]: error: column ri.assigned_to does not exist
    at C:\Users\Teacher\Music\invencea\backend\node_modules\pg-pool\index.js:45:11
    at process.processTicksAndRejections (node:internal/process/task_queues:103:5)
    at async Object.listRequests (C:\Users\Teacher\Music\invencea\backend\src\services\request.service.js:165:20)
    at async listRequests (C:\Users\Teacher\Music\invencea\backend\src\controllers\request.controller.js:78:18)
2026-03-10 17:02:48 [error]: error: column ri.assigned_to does not exist
    at C:\Users\Teacher\Music\invencea\backend\node_modules\pg-pool\index.js:45:11
    at process.processTicksAndRejections (node:internal/process/task_queues:103:5)
    at async Object.listRequests (C:\Users\Teacher\Music\invencea\backend\src\services\request.service.js:165:20)
    at async listRequests (C:\Users\Teacher\Music\invencea\backend\src\controllers\request.controller.js:78:18)
2026-03-10 17:03:00 [error]: error: column ri.assigned_to does not exist
    at C:\Users\Teacher\Music\invencea\backend\node_modules\pg-pool\index.js:45:11
    at process.processTicksAndRejections (node:internal/process/task_queues:103:5)
    at async Object.listRequests (C:\Users\Teacher\Music\invencea\backend\src\services\request.service.js:165:20)
    at async listRequests (C:\Users\Teacher\Music\invencea\backend\src\controllers\request.controller.js:78:18)
2026-03-10 17:03:00 [error]: error: column ri.assigned_to does not exist
    at C:\Users\Teacher\Music\invencea\backend\node_modules\pg-pool\index.js:45:11
    at process.processTicksAndRejections (node:internal/process/task_queues:103:5)
    at async Object.listRequests (C:\Users\Teacher\Music\invencea\backend\src\services\request.service.js:165:20)
    at async listRequests (C:\Users\Teacher\Music\invencea\backend\src\controllers\request.controller.js:78:18)
2026-03-11 08:19:05 [error]: Error: Invalid credentials
    at Object.adminLogin (C:\Users\Teacher\Music\invencea\backend\src\services\auth.service.js:126:35)
    at async adminLogin (C:\Users\Teacher\Music\invencea\backend\src\controllers\auth.controller.js:78:20)
2026-03-11 09:55:47 [error]: Error: Invalid Barcode: Item not found in database
    at C:\Users\Teacher\Music\invencea\backend\src\services\request.service.js:315:47
    at process.processTicksAndRejections (node:internal/process/task_queues:103:5)
    at async withTransaction (C:\Users\Teacher\Music\invencea\backend\src\config\db.js:37:20)
    at async returnItemByBarcode (C:\Users\Teacher\Music\invencea\backend\src\controllers\request.controller.js:154:20)
2026-03-11 10:26:10 [error]: Error: Invalid Barcode: Item not found in database
    at C:\Users\Teacher\Music\invencea\backend\src\services\request.service.js:315:47
    at process.processTicksAndRejections (node:internal/process/task_queues:103:5)
    at async withTransaction (C:\Users\Teacher\Music\invencea\backend\src\config\db.js:37:20)
    at async returnItemByBarcode (C:\Users\Teacher\Music\invencea\backend\src\controllers\request.controller.js:154:20)
2026-03-11 13:41:59 [error]: Error: Faculty not found
    at Object.sendFacultyOTP (C:\Users\Teacher\Music\invencea\backend\src\services\auth.service.js:20:41)
    at process.processTicksAndRejections (node:internal/process/task_queues:103:5)
    at async sendOTP (C:\Users\Teacher\Music\invencea\backend\src\controllers\auth.controller.js:16:20)
2026-03-11 13:42:32 [error]: Error: Faculty not found
    at Object.sendFacultyOTP (C:\Users\Teacher\Music\invencea\backend\src\services\auth.service.js:20:41)
    at process.processTicksAndRejections (node:internal/process/task_queues:103:5)
    at async sendOTP (C:\Users\Teacher\Music\invencea\backend\src\controllers\auth.controller.js:16:20)
2026-03-11 13:50:55 [error]: Error: Invalid credentials
    at Object.adminLogin (C:\Users\Teacher\Music\invencea\backend\src\services\auth.service.js:126:35)
    at async adminLogin (C:\Users\Teacher\Music\invencea\backend\src\controllers\auth.controller.js:78:20)
2026-03-11 13:57:01 [error]: Error: Faculty not found
    at Object.sendFacultyOTP (C:\Users\Teacher\Music\invencea\backend\src\services\auth.service.js:20:41)
    at process.processTicksAndRejections (node:internal/process/task_queues:103:5)
    at async sendOTP (C:\Users\Teacher\Music\invencea\backend\src\controllers\auth.controller.js:16:20)
2026-03-11 14:29:49 [error]: Error: Invalid credentials
    at Object.adminLogin (C:\Users\Teacher\Music\invencea\backend\src\services\auth.service.js:126:35)
    at async adminLogin (C:\Users\Teacher\Music\invencea\backend\src\controllers\auth.controller.js:78:20)
2026-03-11 14:53:25 [error]: error: invalid input syntax for type bigint: "{"room_id":"2"}"
    at C:\Users\Teacher\Music\invencea\backend\node_modules\pg-pool\index.js:45:11
    at process.processTicksAndRejections (node:internal/process/task_queues:103:5)
    at async Object.listAll (C:\Users\Teacher\Music\invencea\backend\src\services\inventory.service.js:149:25)
    at async listAll (C:\Users\Teacher\Music\invencea\backend\src\controllers\inventory.controller.js:63:18)
2026-03-11 14:53:28 [error]: error: invalid input syntax for type bigint: "{"room_id":"1"}"
    at C:\Users\Teacher\Music\invencea\backend\node_modules\pg-pool\index.js:45:11
    at process.processTicksAndRejections (node:internal/process/task_queues:103:5)
    at async Object.listAll (C:\Users\Teacher\Music\invencea\backend\src\services\inventory.service.js:149:25)
    at async listAll (C:\Users\Teacher\Music\invencea\backend\src\controllers\inventory.controller.js:63:18)
2026-03-11 19:36:47 [error]: error: column "returned_time" of relation "requests" does not exist
    at C:\Users\Teacher\Music\invencea\backend\node_modules\pg\lib\client.js:631:17
    at process.processTicksAndRejections (node:internal/process/task_queues:103:5)
    at async logRetroactiveRequest (C:\Users\Teacher\Music\invencea\backend\src\controllers\admin.controller.js:578:31)
2026-03-11 19:37:25 [error]: error: column "returned_time" of relation "requests" does not exist
    at C:\Users\Teacher\Music\invencea\backend\node_modules\pg\lib\client.js:631:17
    at process.processTicksAndRejections (node:internal/process/task_queues:103:5)
    at async logRetroactiveRequest (C:\Users\Teacher\Music\invencea\backend\src\controllers\admin.controller.js:578:31)
2026-03-11 19:39:45 [error]: Error: This item is not currently issued to anyone.
    at C:\Users\Teacher\Music\invencea\backend\src\services\request.service.js:324:47
    at process.processTicksAndRejections (node:internal/process/task_queues:103:5)
    at async withTransaction (C:\Users\Teacher\Music\invencea\backend\src\config\db.js:37:20)
    at async returnItemByBarcode (C:\Users\Teacher\Music\invencea\backend\src\controllers\request.controller.js:165:20)
2026-03-11 20:01:26 [error]: Error: This item is not currently issued to anyone.
    at C:\Users\Teacher\Music\invencea\backend\src\services\request.service.js:324:47
    at process.processTicksAndRejections (node:internal/process/task_queues:103:5)
    at async withTransaction (C:\Users\Teacher\Music\invencea\backend\src\config\db.js:37:20)
    at async returnItemByBarcode (C:\Users\Teacher\Music\invencea\backend\src\controllers\request.controller.js:165:20)
2026-03-11 20:01:37 [error]: Error: This item is not currently issued to anyone.
    at C:\Users\Teacher\Music\invencea\backend\src\services\request.service.js:324:47
    at process.processTicksAndRejections (node:internal/process/task_queues:103:5)
    at async withTransaction (C:\Users\Teacher\Music\invencea\backend\src\config\db.js:37:20)
    at async returnItemByBarcode (C:\Users\Teacher\Music\invencea\backend\src\controllers\request.controller.js:165:20)
2026-03-11 20:03:20 [error]: Error: This item is not currently issued to anyone.
    at C:\Users\Teacher\Music\invencea\backend\src\services\request.service.js:324:47
    at process.processTicksAndRejections (node:internal/process/task_queues:103:5)
    at async withTransaction (C:\Users\Teacher\Music\invencea\backend\src\config\db.js:37:20)
    at async returnItemByBarcode (C:\Users\Teacher\Music\invencea\backend\src\controllers\request.controller.js:165:20)
2026-03-11 20:04:41 [error]: Error: This item is not currently issued to anyone.
    at C:\Users\Teacher\Music\invencea\backend\src\services\request.service.js:324:47
    at process.processTicksAndRejections (node:internal/process/task_queues:103:5)
    at async withTransaction (C:\Users\Teacher\Music\invencea\backend\src\config\db.js:37:20)
    at async returnItemByBarcode (C:\Users\Teacher\Music\invencea\backend\src\controllers\request.controller.js:165:20)
2026-03-11 20:04:59 [error]: Error: This item is not currently issued to anyone.
    at C:\Users\Teacher\Music\invencea\backend\src\services\request.service.js:324:47
    at process.processTicksAndRejections (node:internal/process/task_queues:103:5)
    at async withTransaction (C:\Users\Teacher\Music\invencea\backend\src\config\db.js:37:20)
    at async returnItemByBarcode (C:\Users\Teacher\Music\invencea\backend\src\controllers\request.controller.js:165:20)
2026-03-11 20:05:28 [error]: Error: This item is not currently issued to anyone.
    at C:\Users\Teacher\Music\invencea\backend\src\services\request.service.js:324:47
    at process.processTicksAndRejections (node:internal/process/task_queues:103:5)
    at async withTransaction (C:\Users\Teacher\Music\invencea\backend\src\config\db.js:37:20)
    at async returnItemByBarcode (C:\Users\Teacher\Music\invencea\backend\src\controllers\request.controller.js:165:20)
2026-03-11 20:06:59 [error]: Error: This item is not currently issued to anyone.
    at C:\Users\Teacher\Music\invencea\backend\src\services\request.service.js:324:47
    at process.processTicksAndRejections (node:internal/process/task_queues:103:5)
    at async withTransaction (C:\Users\Teacher\Music\invencea\backend\src\config\db.js:37:20)
    at async returnItemByBarcode (C:\Users\Teacher\Music\invencea\backend\src\controllers\request.controller.js:165:20)
2026-03-11 20:11:23 [error]: Error: This item is not currently issued to anyone.
    at C:\Users\Teacher\Music\invencea\backend\src\services\request.service.js:324:47
    at process.processTicksAndRejections (node:internal/process/task_queues:103:5)
    at async withTransaction (C:\Users\Teacher\Music\invencea\backend\src\config\db.js:37:20)
    at async returnItemByBarcode (C:\Users\Teacher\Music\invencea\backend\src\controllers\request.controller.js:165:20)
2026-03-11 20:15:56 [error]: Error: This item is not currently issued to anyone.
    at C:\Users\Teacher\Music\invencea\backend\src\services\request.service.js:324:47
    at process.processTicksAndRejections (node:internal/process/task_queues:103:5)
    at async withTransaction (C:\Users\Teacher\Music\invencea\backend\src\config\db.js:37:20)
    at async returnItemByBarcode (C:\Users\Teacher\Music\invencea\backend\src\controllers\request.controller.js:165:20)
2026-03-11 20:16:51 [error]: Error: This item is not currently issued to anyone.
    at C:\Users\Teacher\Music\invencea\backend\src\services\request.service.js:324:47
    at process.processTicksAndRejections (node:internal/process/task_queues:103:5)
    at async withTransaction (C:\Users\Teacher\Music\invencea\backend\src\config\db.js:37:20)
    at async returnItemByBarcode (C:\Users\Teacher\Music\invencea\backend\src\controllers\request.controller.js:165:20)
2026-03-11 20:19:02 [error]: Error: This item is not currently issued to anyone.
    at C:\Users\Teacher\Music\invencea\backend\src\services\request.service.js:324:47
    at process.processTicksAndRejections (node:internal/process/task_queues:103:5)
    at async withTransaction (C:\Users\Teacher\Music\invencea\backend\src\config\db.js:37:20)
    at async returnItemByBarcode (C:\Users\Teacher\Music\invencea\backend\src\controllers\request.controller.js:165:20)
2026-03-11 22:55:39 [error]: Error: Faculty not found
    at Object.sendFacultyOTP (C:\Users\Teacher\Music\invencea\backend\src\services\auth.service.js:20:41)
    at process.processTicksAndRejections (node:internal/process/task_queues:103:5)
    at async sendOTP (C:\Users\Teacher\Music\invencea\backend\src\controllers\auth.controller.js:16:20)
2026-03-11 22:55:50 [error]: Error: Faculty not found
    at Object.sendFacultyOTP (C:\Users\Teacher\Music\invencea\backend\src\services\auth.service.js:20:41)
    at process.processTicksAndRejections (node:internal/process/task_queues:103:5)
    at async sendOTP (C:\Users\Teacher\Music\invencea\backend\src\controllers\auth.controller.js:16:20)
2026-03-11 22:56:03 [error]: Error: Faculty not found
    at Object.sendFacultyOTP (C:\Users\Teacher\Music\invencea\backend\src\services\auth.service.js:20:41)
    at process.processTicksAndRejections (node:internal/process/task_queues:103:5)
    at async sendOTP (C:\Users\Teacher\Music\invencea\backend\src\controllers\auth.controller.js:16:20)
2026-03-11 22:59:03 [error]: Error: Faculty not found
    at Object.sendFacultyOTP (C:\Users\Teacher\Music\invencea\backend\src\services\auth.service.js:20:41)
    at process.processTicksAndRejections (node:internal/process/task_queues:103:5)
    at async sendOTP (C:\Users\Teacher\Music\invencea\backend\src\controllers\auth.controller.js:16:20)
2026-03-11 23:30:01 [error]: [Job] expireRequests error:
2026-03-16 20:01:39 [error]: Error: Connection terminated due to connection timeout
    at C:\Users\Teacher\Music\invencea\backend\node_modules\pg-pool\index.js:45:11
    at process.processTicksAndRejections (node:internal/process/task_queues:103:5)
    at async Object.getMe (C:\Users\Teacher\Music\invencea\backend\src\services\auth.service.js:201:20)
    at async getMe (C:\Users\Teacher\Music\invencea\backend\src\controllers\auth.controller.js:140:18)
2026-03-16 20:01:42 [error]: Error: Connection terminated due to connection timeout
    at C:\Users\Teacher\Music\invencea\backend\node_modules\pg-pool\index.js:45:11
    at process.processTicksAndRejections (node:internal/process/task_queues:103:5)
    at async Object.getMe (C:\Users\Teacher\Music\invencea\backend\src\services\auth.service.js:201:20)
    at async getMe (C:\Users\Teacher\Music\invencea\backend\src\controllers\auth.controller.js:140:18)
2026-03-16 20:38:51 [error]: Error: Invalid Barcode: Item not found in database
    at C:\Users\Teacher\Music\invencea\backend\src\services\request.service.js:451:47
    at process.processTicksAndRejections (node:internal/process/task_queues:103:5)
    at async withTransaction (C:\Users\Teacher\Music\invencea\backend\src\config\db.js:41:20)
    at async returnItemByBarcode (C:\Users\Teacher\Music\invencea\backend\src\controllers\request.controller.js:165:20)
2026-03-16 21:17:02 [error]: Error: Connection terminated due to connection timeout
    at C:\Users\Teacher\Music\invencea\backend\node_modules\pg-pool\index.js:45:11
    at process.processTicksAndRejections (node:internal/process/task_queues:103:5)
    at async Object.listAll (C:\Users\Teacher\Music\invencea\backend\src\services\inventory.service.js:149:25)
    at async listAll (C:\Users\Teacher\Music\invencea\backend\src\controllers\inventory.controller.js:63:18)
2026-03-16 21:17:02 [error]: Error: Connection terminated due to connection timeout
    at C:\Users\Teacher\Music\invencea\backend\node_modules\pg-pool\index.js:45:11
    at process.processTicksAndRejections (node:internal/process/task_queues:103:5)
    at async Object.listRequests (C:\Users\Teacher\Music\invencea\backend\src\services\request.service.js:194:20)
    at async listRequests (C:\Users\Teacher\Music\invencea\backend\src\controllers\request.controller.js:85:18)
2026-03-16 21:17:04 [error]: Error: Connection terminated due to connection timeout
    at C:\Users\Teacher\Music\invencea\backend\node_modules\pg-pool\index.js:45:11
    at process.processTicksAndRejections (node:internal/process/task_queues:103:5)
    at async Object.listAll (C:\Users\Teacher\Music\invencea\backend\src\services\inventory.service.js:149:25)
    at async listAll (C:\Users\Teacher\Music\invencea\backend\src\controllers\inventory.controller.js:63:18)
2026-03-16 21:18:02 [error]: Error: Invalid credentials
    at Object.adminLogin (C:\Users\Teacher\Music\invencea\backend\src\services\auth.service.js:127:41)
    at process.processTicksAndRejections (node:internal/process/task_queues:103:5)
    at async adminLogin (C:\Users\Teacher\Music\invencea\backend\src\controllers\auth.controller.js:77:20)
2026-03-16 21:18:11 [error]: Error: Invalid credentials
    at Object.adminLogin (C:\Users\Teacher\Music\invencea\backend\src\services\auth.service.js:127:41)
    at process.processTicksAndRejections (node:internal/process/task_queues:103:5)
    at async adminLogin (C:\Users\Teacher\Music\invencea\backend\src\controllers\auth.controller.js:77:20)
2026-03-16 21:36:01 [error]: Error: Connection terminated due to connection timeout
    at C:\Users\Teacher\Music\invencea\backend\node_modules\pg-pool\index.js:45:11
    at process.processTicksAndRejections (node:internal/process/task_queues:103:5)
    at async Object.listAll (C:\Users\Teacher\Music\invencea\backend\src\services\inventory.service.js:149:25)
    at async listAll (C:\Users\Teacher\Music\invencea\backend\src\controllers\inventory.controller.js:63:18)
2026-03-16 21:49:33 [error]: Error: Connection terminated due to connection timeout
    at C:\Users\Teacher\Music\invencea\backend\node_modules\pg-pool\index.js:45:11
    at process.processTicksAndRejections (node:internal/process/task_queues:103:5)
    at async Object.listRequests (C:\Users\Teacher\Music\invencea\backend\src\services\request.service.js:194:20)
    at async listRequests (C:\Users\Teacher\Music\invencea\backend\src\controllers\request.controller.js:85:18)
2026-03-16 21:49:33 [error]: Error: Connection terminated due to connection timeout
    at C:\Users\Teacher\Music\invencea\backend\node_modules\pg-pool\index.js:45:11
    at process.processTicksAndRejections (node:internal/process/task_queues:103:5)
    at async Object.listAll (C:\Users\Teacher\Music\invencea\backend\src\services\inventory.service.js:149:25)
    at async listAll (C:\Users\Teacher\Music\invencea\backend\src\controllers\inventory.controller.js:63:18)
2026-03-16 21:53:31 [error]: error: new row for relation "request_items" violates check constraint "request_items_status_check"
    at C:\Users\Teacher\Music\invencea\backend\node_modules\pg\lib\client.js:631:17
    at process.processTicksAndRejections (node:internal/process/task_queues:103:5)
    at async C:\Users\Teacher\Music\invencea\backend\src\services\request.service.js:270:13
    at async withTransaction (C:\Users\Teacher\Music\invencea\backend\src\config\db.js:41:20)
    at async approveRequest (C:\Users\Teacher\Music\invencea\backend\src\controllers\request.controller.js:99:18)
2026-03-16 21:53:45 [error]: error: new row for relation "request_items" violates check constraint "request_items_status_check"
    at C:\Users\Teacher\Music\invencea\backend\node_modules\pg\lib\client.js:631:17
    at process.processTicksAndRejections (node:internal/process/task_queues:103:5)
    at async C:\Users\Teacher\Music\invencea\backend\src\services\request.service.js:270:13
    at async withTransaction (C:\Users\Teacher\Music\invencea\backend\src\config\db.js:41:20)
    at async approveRequest (C:\Users\Teacher\Music\invencea\backend\src\controllers\request.controller.js:99:18)
2026-03-16 21:54:12 [error]: error: new row for relation "request_items" violates check constraint "request_items_status_check"
    at C:\Users\Teacher\Music\invencea\backend\node_modules\pg\lib\client.js:631:17
    at process.processTicksAndRejections (node:internal/process/task_queues:103:5)
    at async C:\Users\Teacher\Music\invencea\backend\src\services\request.service.js:270:13
    at async withTransaction (C:\Users\Teacher\Music\invencea\backend\src\config\db.js:41:20)
    at async approveRequest (C:\Users\Teacher\Music\invencea\backend\src\controllers\request.controller.js:99:18)
2026-03-16 21:54:37 [error]: error: new row for relation "request_items" violates check constraint "request_items_status_check"
    at C:\Users\Teacher\Music\invencea\backend\node_modules\pg\lib\client.js:631:17
    at process.processTicksAndRejections (node:internal/process/task_queues:103:5)
    at async C:\Users\Teacher\Music\invencea\backend\src\services\request.service.js:270:13
    at async withTransaction (C:\Users\Teacher\Music\invencea\backend\src\config\db.js:41:20)
    at async approveRequest (C:\Users\Teacher\Music\invencea\backend\src\controllers\request.controller.js:99:18)
2026-03-16 22:13:35 [error]: Error: Connection terminated due to connection timeout
    at C:\Users\Teacher\Music\invencea\backend\node_modules\pg-pool\index.js:45:11
    at process.processTicksAndRejections (node:internal/process/task_queues:103:5)
    at async Object.listAll (C:\Users\Teacher\Music\invencea\backend\src\services\inventory.service.js:149:25)
    at async listAll (C:\Users\Teacher\Music\invencea\backend\src\controllers\inventory.controller.js:63:18)
2026-03-16 22:13:41 [error]: Error: Connection terminated due to connection timeout
    at C:\Users\Teacher\Music\invencea\backend\node_modules\pg-pool\index.js:45:11
    at process.processTicksAndRejections (node:internal/process/task_queues:103:5)
    at async Object.listRequests (C:\Users\Teacher\Music\invencea\backend\src\services\request.service.js:194:20)
    at async listRequests (C:\Users\Teacher\Music\invencea\backend\src\controllers\request.controller.js:85:18)
2026-03-16 22:13:41 [error]: Error: Connection terminated due to connection timeout
    at C:\Users\Teacher\Music\invencea\backend\node_modules\pg-pool\index.js:45:11
    at process.processTicksAndRejections (node:internal/process/task_queues:103:5)
    at async Object.listAll (C:\Users\Teacher\Music\invencea\backend\src\services\inventory.service.js:149:25)
    at async listAll (C:\Users\Teacher\Music\invencea\backend\src\controllers\inventory.controller.js:63:18)
2026-03-16 22:13:41 [error]: Error: Connection terminated due to connection timeout
    at C:\Users\Teacher\Music\invencea\backend\node_modules\pg-pool\index.js:45:11
    at process.processTicksAndRejections (node:internal/process/task_queues:103:5)
    at async Object.listRequests (C:\Users\Teacher\Music\invencea\backend\src\services\request.service.js:194:20)
    at async listRequests (C:\Users\Teacher\Music\invencea\backend\src\controllers\request.controller.js:85:18)
2026-03-16 22:13:43 [error]: Error: Connection terminated due to connection timeout
    at C:\Users\Teacher\Music\invencea\backend\node_modules\pg-pool\index.js:45:11
    at process.processTicksAndRejections (node:internal/process/task_queues:103:5)
    at async Object.listRequests (C:\Users\Teacher\Music\invencea\backend\src\services\request.service.js:194:20)
    at async listRequests (C:\Users\Teacher\Music\invencea\backend\src\controllers\request.controller.js:85:18)
2026-03-16 22:13:43 [error]: Error: Connection terminated due to connection timeout
    at C:\Users\Teacher\Music\invencea\backend\node_modules\pg-pool\index.js:45:11
    at process.processTicksAndRejections (node:internal/process/task_queues:103:5)
    at async Object.listAll (C:\Users\Teacher\Music\invencea\backend\src\services\inventory.service.js:149:25)
    at async listAll (C:\Users\Teacher\Music\invencea\backend\src\controllers\inventory.controller.js:63:18)
2026-03-16 22:13:43 [error]: Error: Connection terminated due to connection timeout
    at C:\Users\Teacher\Music\invencea\backend\node_modules\pg-pool\index.js:45:11
    at process.processTicksAndRejections (node:internal/process/task_queues:103:5)
    at async Object.listRequests (C:\Users\Teacher\Music\invencea\backend\src\services\request.service.js:194:20)
    at async listRequests (C:\Users\Teacher\Music\invencea\backend\src\controllers\request.controller.js:85:18)
2026-03-16 22:30:02 [error]: [Job] expireRequests error:
2026-03-16 23:52:02 [error]: Error: Connection terminated due to connection timeout
    at C:\Users\Teacher\Music\invencea\backend\node_modules\pg-pool\index.js:45:11
    at process.processTicksAndRejections (node:internal/process/task_queues:103:5)
    at async Object.listAll (C:\Users\Teacher\Music\invencea\backend\src\services\inventory.service.js:149:25)
    at async listAll (C:\Users\Teacher\Music\invencea\backend\src\controllers\inventory.controller.js:63:18)
2026-03-16 23:52:02 [error]: Error: Connection terminated due to connection timeout
    at C:\Users\Teacher\Music\invencea\backend\node_modules\pg-pool\index.js:45:11
    at process.processTicksAndRejections (node:internal/process/task_queues:103:5)
    at async Object.listRequests (C:\Users\Teacher\Music\invencea\backend\src\services\request.service.js:194:20)
    at async listRequests (C:\Users\Teacher\Music\invencea\backend\src\controllers\request.controller.js:85:18)
2026-03-16 23:52:02 [error]: Error: Connection terminated due to connection timeout
    at C:\Users\Teacher\Music\invencea\backend\node_modules\pg-pool\index.js:45:11
    at process.processTicksAndRejections (node:internal/process/task_queues:103:5)
    at async Object.listAll (C:\Users\Teacher\Music\invencea\backend\src\services\inventory.service.js:149:25)
    at async listAll (C:\Users\Teacher\Music\invencea\backend\src\controllers\inventory.controller.js:63:18)
2026-03-17 00:30:02 [error]: [Job] expireRequests error:
2026-03-17 09:28:22 [error]: Failed to send email to invencea@gmail.com: Key not found
2026-03-17 09:28:22 [error]: Error: Key not found
    at sendMail (C:\Users\Teacher\Music\invencea\backend\src\config\mailer.js:28:13)
    at process.processTicksAndRejections (node:internal/process/task_queues:103:5)
    at async Object.sendFacultyOTP (C:\Users\Teacher\Music\invencea\backend\src\services\auth.service.js:33:3)
    at async sendOTP (C:\Users\Teacher\Music\invencea\backend\src\controllers\auth.controller.js:17:20)
2026-03-17 09:28:39 [error]: Failed to send email to invencea@gmail.com: Key not found
2026-03-17 09:28:39 [error]: Error: Key not found
    at sendMail (C:\Users\Teacher\Music\invencea\backend\src\config\mailer.js:28:13)
    at process.processTicksAndRejections (node:internal/process/task_queues:103:5)
    at async Object.sendFacultyOTP (C:\Users\Teacher\Music\invencea\backend\src\services\auth.service.js:33:3)
    at async sendOTP (C:\Users\Teacher\Music\invencea\backend\src\controllers\auth.controller.js:17:20)
2026-03-17 09:28:47 [error]: Failed to send email to romeosangaspar94@gmail.com: Key not found
2026-03-17 09:28:47 [error]: Error: Key not found
    at sendMail (C:\Users\Teacher\Music\invencea\backend\src\config\mailer.js:28:13)
    at process.processTicksAndRejections (node:internal/process/task_queues:103:5)
    at async Object.sendFacultyOTP (C:\Users\Teacher\Music\invencea\backend\src\services\auth.service.js:33:3)
    at async sendOTP (C:\Users\Teacher\Music\invencea\backend\src\controllers\auth.controller.js:17:20)
2026-03-17 09:33:25 [error]: Failed to send email to invencea@gmail.com: Key not found
2026-03-17 09:33:25 [error]: Error: Key not found
    at sendMail (C:\Users\Teacher\Music\invencea\backend\src\config\mailer.js:28:13)
    at process.processTicksAndRejections (node:internal/process/task_queues:103:5)
    at async Object.sendFacultyOTP (C:\Users\Teacher\Music\invencea\backend\src\services\auth.service.js:33:3)
    at async sendOTP (C:\Users\Teacher\Music\invencea\backend\src\controllers\auth.controller.js:17:20)
2026-03-22 21:21:17 [error]: Failed to send email to invencea@gmail.com: Key not found
2026-03-22 21:21:17 [error]: Error: Key not found
    at sendMail (C:\Users\Teacher\Music\invencea\backend\src\config\mailer.js:28:13)
    at process.processTicksAndRejections (node:internal/process/task_queues:103:5)
    at async Object.sendFacultyOTP (C:\Users\Teacher\Music\invencea\backend\src\services\auth.service.js:33:3)
    at async sendOTP (C:\Users\Teacher\Music\invencea\backend\src\controllers\auth.controller.js:17:20)
2026-03-22 21:21:26 [error]: Failed to send email to invencea@gmail.com: Key not found
2026-03-22 21:21:26 [error]: Error: Key not found
    at sendMail (C:\Users\Teacher\Music\invencea\backend\src\config\mailer.js:28:13)
    at process.processTicksAndRejections (node:internal/process/task_queues:103:5)
    at async Object.sendFacultyOTP (C:\Users\Teacher\Music\invencea\backend\src\services\auth.service.js:33:3)
    at async sendOTP (C:\Users\Teacher\Music\invencea\backend\src\controllers\auth.controller.js:17:20)
2026-03-22 21:28:48 [error]: Failed to send email to invencea@gmail.com: self-signed certificate in certificate chain
2026-03-22 21:28:48 [error]: Error: self-signed certificate in certificate chain
    at TLSSocket.onConnectSecure (node:_tls_wrap:1631:34)
    at TLSSocket.emit (node:events:508:28)
    at TLSSocket._finishInit (node:_tls_wrap:1077:8)
    at ssl.onhandshakedone (node:_tls_wrap:863:12)
2026-03-22 21:48:21 [error]: error: column "pin_hash" of relation "students" does not exist
    at C:\Users\Teacher\Music\invencea\backend\node_modules\pg-pool\index.js:45:11
    at process.processTicksAndRejections (node:internal/process/task_queues:103:5)
    at async bulkAddStudents (C:\Users\Teacher\Music\invencea\backend\src\controllers\manager.controller.js:159:26)
2026-03-22 21:48:40 [error]: error: column "pin_hash" of relation "students" does not exist
    at C:\Users\Teacher\Music\invencea\backend\node_modules\pg-pool\index.js:45:11
    at process.processTicksAndRejections (node:internal/process/task_queues:103:5)
    at async bulkAddStudents (C:\Users\Teacher\Music\invencea\backend\src\controllers\manager.controller.js:159:26)
2026-03-22 21:54:44 [error]: Error: Name does not match student ID
    at Object.studentLogin (C:\Users\Teacher\Music\invencea\backend\src\services\auth.service.js:104:25)
    at process.processTicksAndRejections (node:internal/process/task_queues:103:5)
    at async studentLogin (C:\Users\Teacher\Music\invencea\backend\src\controllers\auth.controller.js:56:20)
2026-03-22 21:54:52 [error]: Error: Name does not match student ID
    at Object.studentLogin (C:\Users\Teacher\Music\invencea\backend\src\services\auth.service.js:104:25)
    at process.processTicksAndRejections (node:internal/process/task_queues:103:5)
    at async studentLogin (C:\Users\Teacher\Music\invencea\backend\src\controllers\auth.controller.js:56:20)
2026-03-22 22:26:57 [error]: Error: data and hash arguments required
    at Object.compare (C:\Users\Teacher\Music\invencea\backend\node_modules\bcrypt\bcrypt.js:204:17)
    at C:\Users\Teacher\Music\invencea\backend\node_modules\bcrypt\promises.js:26:12
    at new Promise (<anonymous>)
    at Object.promise (C:\Users\Teacher\Music\invencea\backend\node_modules\bcrypt\promises.js:17:12)
    at Object.compare (C:\Users\Teacher\Music\invencea\backend\node_modules\bcrypt\bcrypt.js:200:25)
    at Object.studentLogin (C:\Users\Teacher\Music\invencea\backend\src\services\auth.service.js:115:30)
    at process.processTicksAndRejections (node:internal/process/task_queues:103:5)
    at async studentLogin (C:\Users\Teacher\Music\invencea\backend\src\controllers\auth.controller.js:59:20)
2026-03-22 22:27:16 [error]: Error: data and hash arguments required
    at Object.compare (C:\Users\Teacher\Music\invencea\backend\node_modules\bcrypt\bcrypt.js:204:17)
    at C:\Users\Teacher\Music\invencea\backend\node_modules\bcrypt\promises.js:26:12
    at new Promise (<anonymous>)
    at Object.promise (C:\Users\Teacher\Music\invencea\backend\node_modules\bcrypt\promises.js:17:12)
    at Object.compare (C:\Users\Teacher\Music\invencea\backend\node_modules\bcrypt\bcrypt.js:200:25)
    at Object.studentLogin (C:\Users\Teacher\Music\invencea\backend\src\services\auth.service.js:115:30)
    at process.processTicksAndRejections (node:internal/process/task_queues:103:5)
    at async studentLogin (C:\Users\Teacher\Music\invencea\backend\src\controllers\auth.controller.js:59:20)
2026-03-22 22:30:58 [error]: Error: Account not found. Please visit the System Manager to register.
    at Object.studentLogin (C:\Users\Teacher\Music\invencea\backend\src\services\auth.service.js:101:25)
    at process.processTicksAndRejections (node:internal/process/task_queues:103:5)
    at async studentLogin (C:\Users\Teacher\Music\invencea\backend\src\controllers\auth.controller.js:59:20)
2026-03-22 22:31:03 [error]: Error: Invalid 4-Digit PIN
    at Object.studentLogin (C:\Users\Teacher\Music\invencea\backend\src\services\auth.service.js:117:27)
    at async studentLogin (C:\Users\Teacher\Music\invencea\backend\src\controllers\auth.controller.js:59:20)
2026-03-22 22:52:20 [error]: Error: Invalid 4-Digit PIN
    at Object.studentLogin (C:\Users\Teacher\Music\invencea\backend\src\services\auth.service.js:114:27)
    at async studentLogin (C:\Users\Teacher\Music\invencea\backend\src\controllers\auth.controller.js:55:20)
2026-03-22 23:50:11 [error]: Error: Invalid credentials
    at Object.adminLogin (C:\Users\Teacher\Music\invencea\backend\src\services\auth.service.js:171:35)
    at async adminLogin (C:\Users\Teacher\Music\invencea\backend\src\controllers\auth.controller.js:96:20)
2026-03-27 14:27:45 [error]: error: invalid input syntax for type bigint: "calendar"
    at C:\Users\Teacher\Music\invencea\backend\node_modules\pg-pool\index.js:45:11
    at process.processTicksAndRejections (node:internal/process/task_queues:103:5)
    at async Object.getRequest (C:\Users\Teacher\Music\invencea\backend\src\services\request.service.js:111:20)
    at async getRequest (C:\Users\Teacher\Music\invencea\backend\src\controllers\request.controller.js:43:18)
2026-03-27 14:27:46 [error]: error: invalid input syntax for type bigint: "calendar"
    at C:\Users\Teacher\Music\invencea\backend\node_modules\pg-pool\index.js:45:11
    at process.processTicksAndRejections (node:internal/process/task_queues:103:5)
    at async Object.getRequest (C:\Users\Teacher\Music\invencea\backend\src\services\request.service.js:111:20)
    at async getRequest (C:\Users\Teacher\Music\invencea\backend\src\controllers\request.controller.js:43:18)
2026-03-27 14:34:13 [error]: error: invalid input syntax for type bigint: "calendar"
    at C:\Users\Teacher\Music\invencea\backend\node_modules\pg-pool\index.js:45:11
    at process.processTicksAndRejections (node:internal/process/task_queues:103:5)
    at async Object.getRequest (C:\Users\Teacher\Music\invencea\backend\src\services\request.service.js:111:20)
    at async getRequest (C:\Users\Teacher\Music\invencea\backend\src\controllers\request.controller.js:43:18)
2026-03-27 14:34:38 [error]: error: invalid input syntax for type bigint: "calendar"
    at C:\Users\Teacher\Music\invencea\backend\node_modules\pg-pool\index.js:45:11
    at process.processTicksAndRejections (node:internal/process/task_queues:103:5)
    at async Object.getRequest (C:\Users\Teacher\Music\invencea\backend\src\services\request.service.js:111:20)
    at async getRequest (C:\Users\Teacher\Music\invencea\backend\src\controllers\request.controller.js:43:18)
2026-03-27 14:34:39 [error]: error: invalid input syntax for type bigint: "calendar"
    at C:\Users\Teacher\Music\invencea\backend\node_modules\pg-pool\index.js:45:11
    at process.processTicksAndRejections (node:internal/process/task_queues:103:5)
    at async Object.getRequest (C:\Users\Teacher\Music\invencea\backend\src\services\request.service.js:111:20)
    at async getRequest (C:\Users\Teacher\Music\invencea\backend\src\controllers\request.controller.js:43:18)
2026-03-27 14:48:50 [error]: error: invalid input syntax for type bigint: "calendar"
    at C:\Users\Teacher\Music\invencea\backend\node_modules\pg-pool\index.js:45:11
    at process.processTicksAndRejections (node:internal/process/task_queues:103:5)
    at async Object.getRequest (C:\Users\Teacher\Music\invencea\backend\src\services\request.service.js:111:20)
    at async getRequest (C:\Users\Teacher\Music\invencea\backend\src\controllers\request.controller.js:43:18)
2026-03-27 14:48:51 [error]: error: invalid input syntax for type bigint: "calendar"
    at C:\Users\Teacher\Music\invencea\backend\node_modules\pg-pool\index.js:45:11
    at process.processTicksAndRejections (node:internal/process/task_queues:103:5)
    at async Object.getRequest (C:\Users\Teacher\Music\invencea\backend\src\services\request.service.js:111:20)
    at async getRequest (C:\Users\Teacher\Music\invencea\backend\src\controllers\request.controller.js:43:18)
2026-03-27 14:52:10 [error]: error: invalid input syntax for type bigint: "calendar"
    at C:\Users\Teacher\Music\invencea\backend\node_modules\pg-pool\index.js:45:11
    at process.processTicksAndRejections (node:internal/process/task_queues:103:5)
    at async Object.getRequest (C:\Users\Teacher\Music\invencea\backend\src\services\request.service.js:111:20)
    at async getRequest (C:\Users\Teacher\Music\invencea\backend\src\controllers\request.controller.js:43:18)
2026-03-27 14:52:11 [error]: error: invalid input syntax for type bigint: "calendar"
    at C:\Users\Teacher\Music\invencea\backend\node_modules\pg-pool\index.js:45:11
    at process.processTicksAndRejections (node:internal/process/task_queues:103:5)
    at async Object.getRequest (C:\Users\Teacher\Music\invencea\backend\src\services\request.service.js:111:20)
    at async getRequest (C:\Users\Teacher\Music\invencea\backend\src\controllers\request.controller.js:43:18)
2026-03-27 14:52:52 [error]: error: invalid input syntax for type bigint: "calendar"
    at C:\Users\Teacher\Music\invencea\backend\node_modules\pg-pool\index.js:45:11
    at process.processTicksAndRejections (node:internal/process/task_queues:103:5)
    at async Object.getRequest (C:\Users\Teacher\Music\invencea\backend\src\services\request.service.js:111:20)
    at async getRequest (C:\Users\Teacher\Music\invencea\backend\src\controllers\request.controller.js:43:18)
2026-03-27 14:52:52 [error]: error: invalid input syntax for type bigint: "calendar"
    at C:\Users\Teacher\Music\invencea\backend\node_modules\pg-pool\index.js:45:11
    at process.processTicksAndRejections (node:internal/process/task_queues:103:5)
    at async Object.getRequest (C:\Users\Teacher\Music\invencea\backend\src\services\request.service.js:111:20)
    at async getRequest (C:\Users\Teacher\Music\invencea\backend\src\controllers\request.controller.js:43:18)
2026-03-27 14:52:59 [error]: error: invalid input syntax for type bigint: "calendar"
    at C:\Users\Teacher\Music\invencea\backend\node_modules\pg-pool\index.js:45:11
    at process.processTicksAndRejections (node:internal/process/task_queues:103:5)
    at async Object.getRequest (C:\Users\Teacher\Music\invencea\backend\src\services\request.service.js:111:20)
    at async getRequest (C:\Users\Teacher\Music\invencea\backend\src\controllers\request.controller.js:43:18)
2026-03-27 14:54:04 [error]: error: invalid input syntax for type bigint: "calendar"
    at C:\Users\Teacher\Music\invencea\backend\node_modules\pg-pool\index.js:45:11
    at process.processTicksAndRejections (node:internal/process/task_queues:103:5)
    at async Object.getRequest (C:\Users\Teacher\Music\invencea\backend\src\services\request.service.js:111:20)
    at async getRequest (C:\Users\Teacher\Music\invencea\backend\src\controllers\request.controller.js:43:18)
2026-03-27 14:54:04 [error]: error: invalid input syntax for type bigint: "calendar"
    at C:\Users\Teacher\Music\invencea\backend\node_modules\pg-pool\index.js:45:11
    at process.processTicksAndRejections (node:internal/process/task_queues:103:5)
    at async Object.getRequest (C:\Users\Teacher\Music\invencea\backend\src\services\request.service.js:111:20)
    at async getRequest (C:\Users\Teacher\Music\invencea\backend\src\controllers\request.controller.js:43:18)
2026-03-27 14:55:02 [error]: error: invalid input syntax for type bigint: "calendar"
    at C:\Users\Teacher\Music\invencea\backend\node_modules\pg-pool\index.js:45:11
    at process.processTicksAndRejections (node:internal/process/task_queues:103:5)
    at async Object.getRequest (C:\Users\Teacher\Music\invencea\backend\src\services\request.service.js:111:20)
    at async getRequest (C:\Users\Teacher\Music\invencea\backend\src\controllers\request.controller.js:43:18)
2026-03-27 14:55:03 [error]: error: invalid input syntax for type bigint: "calendar"
    at C:\Users\Teacher\Music\invencea\backend\node_modules\pg-pool\index.js:45:11
    at process.processTicksAndRejections (node:internal/process/task_queues:103:5)
    at async Object.getRequest (C:\Users\Teacher\Music\invencea\backend\src\services\request.service.js:111:20)
    at async getRequest (C:\Users\Teacher\Music\invencea\backend\src\controllers\request.controller.js:43:18)
2026-03-27 14:59:03 [error]: Error: Connection terminated due to connection timeout
    at C:\Users\Teacher\Music\invencea\backend\node_modules\pg-pool\index.js:45:11
    at process.processTicksAndRejections (node:internal/process/task_queues:103:5)
    at async Object.getMe (C:\Users\Teacher\Music\invencea\backend\src\services\auth.service.js:219:22)
    at async getMe (C:\Users\Teacher\Music\invencea\backend\src\controllers\auth.controller.js:158:18)
2026-03-27 14:59:08 [error]: Error: Connection terminated due to connection timeout
    at C:\Users\Teacher\Music\invencea\backend\node_modules\pg-pool\index.js:45:11
    at process.processTicksAndRejections (node:internal/process/task_queues:103:5)
    at async Object.getMe (C:\Users\Teacher\Music\invencea\backend\src\services\auth.service.js:219:22)
    at async getMe (C:\Users\Teacher\Music\invencea\backend\src\controllers\auth.controller.js:158:18)
2026-03-27 16:10:50 [error]: TypeError: itemsToIssue is not iterable
    at C:\Users\Teacher\Music\invencea\backend\src\services\request.service.js:385:24
    at process.processTicksAndRejections (node:internal/process/task_queues:103:5)
    at async withTransaction (C:\Users\Teacher\Music\invencea\backend\src\config\db.js:44:20)
    at async issueRequest (C:\Users\Teacher\Music\invencea\backend\src\controllers\request.controller.js:158:18)
2026-03-27 16:17:51 [error]: TypeError: itemsToIssue is not iterable
    at C:\Users\Teacher\Music\invencea\backend\src\services\request.service.js:388:24
    at process.processTicksAndRejections (node:internal/process/task_queues:103:5)
    at async withTransaction (C:\Users\Teacher\Music\invencea\backend\src\config\db.js:44:20)
    at async issueRequest (C:\Users\Teacher\Music\invencea\backend\src\controllers\request.controller.js:158:18)
2026-03-28 18:47:28 [error]: error: operator does not exist: bigint = character varying
    at C:\Users\Teacher\Music\invencea\backend\node_modules\pg-pool\index.js:45:11
    at process.processTicksAndRejections (node:internal/process/task_queues:103:5)
    at async getRecentRequests (C:\Users\Teacher\Music\invencea\backend\src\controllers\admin.controller.js:37:22)
2026-03-28 18:47:28 [error]: error: operator does not exist: bigint = character varying
    at C:\Users\Teacher\Music\invencea\backend\node_modules\pg-pool\index.js:45:11
    at process.processTicksAndRejections (node:internal/process/task_queues:103:5)
    at async getRecentRequests (C:\Users\Teacher\Music\invencea\backend\src\controllers\admin.controller.js:37:22)
2026-03-28 18:50:00 [error]: error: operator does not exist: bigint = character varying
    at C:\Users\Teacher\Music\invencea\backend\node_modules\pg-pool\index.js:45:11
    at process.processTicksAndRejections (node:internal/process/task_queues:103:5)
    at async Object.getIssuedReports (C:\Users\Teacher\Music\invencea\backend\src\services\report.service.js:30:20)
    at async getReports (C:\Users\Teacher\Music\invencea\backend\src\controllers\report.controller.js:7:18)
2026-03-28 18:50:00 [error]: error: operator does not exist: bigint = character varying
    at C:\Users\Teacher\Music\invencea\backend\node_modules\pg-pool\index.js:45:11
    at process.processTicksAndRejections (node:internal/process/task_queues:103:5)
    at async Object.getIssuedReports (C:\Users\Teacher\Music\invencea\backend\src\services\report.service.js:30:20)
    at async getReports (C:\Users\Teacher\Music\invencea\backend\src\controllers\report.controller.js:7:18)
2026-03-28 18:50:03 [error]: error: operator does not exist: bigint = character varying
    at C:\Users\Teacher\Music\invencea\backend\node_modules\pg-pool\index.js:45:11
    at process.processTicksAndRejections (node:internal/process/task_queues:103:5)
    at async Object.getIssuedReports (C:\Users\Teacher\Music\invencea\backend\src\services\report.service.js:30:20)
    at async getReports (C:\Users\Teacher\Music\invencea\backend\src\controllers\report.controller.js:7:18)
2026-03-28 18:50:03 [error]: error: operator does not exist: bigint = character varying
    at C:\Users\Teacher\Music\invencea\backend\node_modules\pg-pool\index.js:45:11
    at process.processTicksAndRejections (node:internal/process/task_queues:103:5)
    at async Object.getIssuedReports (C:\Users\Teacher\Music\invencea\backend\src\services\report.service.js:30:20)
    at async getReports (C:\Users\Teacher\Music\invencea\backend\src\controllers\report.controller.js:7:18)
2026-03-28 18:50:05 [error]: error: operator does not exist: bigint = character varying
    at C:\Users\Teacher\Music\invencea\backend\node_modules\pg-pool\index.js:45:11
    at process.processTicksAndRejections (node:internal/process/task_queues:103:5)
    at async Object.getIssuedReports (C:\Users\Teacher\Music\invencea\backend\src\services\report.service.js:30:20)
    at async getReports (C:\Users\Teacher\Music\invencea\backend\src\controllers\report.controller.js:7:18)
2026-03-28 18:50:05 [error]: error: operator does not exist: bigint = character varying
    at C:\Users\Teacher\Music\invencea\backend\node_modules\pg-pool\index.js:45:11
    at process.processTicksAndRejections (node:internal/process/task_queues:103:5)
    at async Object.getIssuedReports (C:\Users\Teacher\Music\invencea\backend\src\services\report.service.js:30:20)
    at async getReports (C:\Users\Teacher\Music\invencea\backend\src\controllers\report.controller.js:7:18)
2026-03-28 18:52:01 [error]: error: operator does not exist: bigint = character varying
    at C:\Users\Teacher\Music\invencea\backend\node_modules\pg-pool\index.js:45:11
    at process.processTicksAndRejections (node:internal/process/task_queues:103:5)
    at async Object.getIssuedReports (C:\Users\Teacher\Music\invencea\backend\src\services\report.service.js:30:20)
    at async getReports (C:\Users\Teacher\Music\invencea\backend\src\controllers\report.controller.js:7:18)
2026-03-28 18:52:01 [error]: error: operator does not exist: bigint = character varying
    at C:\Users\Teacher\Music\invencea\backend\node_modules\pg-pool\index.js:45:11
    at process.processTicksAndRejections (node:internal/process/task_queues:103:5)
    at async Object.getIssuedReports (C:\Users\Teacher\Music\invencea\backend\src\services\report.service.js:30:20)
    at async getReports (C:\Users\Teacher\Music\invencea\backend\src\controllers\report.controller.js:7:18)
2026-03-28 19:15:02 [error]: error: operator does not exist: character varying = bigint
    at C:\Users\Teacher\Music\invencea\backend\node_modules\pg-pool\index.js:45:11
    at process.processTicksAndRejections (node:internal/process/task_queues:103:5)
    at async getCalendarEvents (C:\Users\Teacher\Music\invencea\backend\src\controllers\request.controller.js:252:22)
2026-03-28 19:15:03 [error]: error: operator does not exist: character varying = bigint
    at C:\Users\Teacher\Music\invencea\backend\node_modules\pg-pool\index.js:45:11
    at process.processTicksAndRejections (node:internal/process/task_queues:103:5)
    at async getCalendarEvents (C:\Users\Teacher\Music\invencea\backend\src\controllers\request.controller.js:252:22)
2026-03-28 20:07:20 [error]: error: new row for relation "inventory_items" violates check constraint "inventory_items_status_check"
    at C:\Users\Teacher\Music\invencea\backend\node_modules\pg-pool\index.js:45:11
    at process.processTicksAndRejections (node:internal/process/task_queues:103:5)
    at async Object.updateUnifiedItem (C:\Users\Teacher\Music\invencea\backend\src\services\inventory.service.js:365:18)
    at async updateItemUnified (C:\Users\Teacher\Music\invencea\backend\src\controllers\inventory.controller.js:81:18)
2026-03-28 20:10:55 [error]: error: operator does not exist: bigint = character varying
    at C:\Users\Teacher\Music\invencea\backend\node_modules\pg-pool\index.js:45:11
    at process.processTicksAndRejections (node:internal/process/task_queues:103:5)
    at async getRecentRequests (C:\Users\Teacher\Music\invencea\backend\src\controllers\admin.controller.js:37:22)
2026-03-28 20:10:55 [error]: error: operator does not exist: bigint = character varying
    at C:\Users\Teacher\Music\invencea\backend\node_modules\pg-pool\index.js:45:11
    at process.processTicksAndRejections (node:internal/process/task_queues:103:5)
    at async getRecentRequests (C:\Users\Teacher\Music\invencea\backend\src\controllers\admin.controller.js:37:22)
2026-03-28 20:12:38 [error]: error: operator does not exist: bigint = character varying
    at C:\Users\Teacher\Music\invencea\backend\node_modules\pg-pool\index.js:45:11
    at process.processTicksAndRejections (node:internal/process/task_queues:103:5)
    at async getRecentRequests (C:\Users\Teacher\Music\invencea\backend\src\controllers\admin.controller.js:37:22)
2026-03-28 20:12:38 [error]: error: operator does not exist: bigint = character varying
    at C:\Users\Teacher\Music\invencea\backend\node_modules\pg-pool\index.js:45:11
    at process.processTicksAndRejections (node:internal/process/task_queues:103:5)
    at async getRecentRequests (C:\Users\Teacher\Music\invencea\backend\src\controllers\admin.controller.js:37:22)
2026-03-28 20:13:42 [error]: error: operator does not exist: character varying = bigint
    at C:\Users\Teacher\Music\invencea\backend\node_modules\pg-pool\index.js:45:11
    at process.processTicksAndRejections (node:internal/process/task_queues:103:5)
    at async getCalendarEvents (C:\Users\Teacher\Music\invencea\backend\src\controllers\request.controller.js:252:22)
2026-03-28 20:13:42 [error]: error: operator does not exist: character varying = bigint
    at C:\Users\Teacher\Music\invencea\backend\node_modules\pg-pool\index.js:45:11
    at process.processTicksAndRejections (node:internal/process/task_queues:103:5)
    at async getCalendarEvents (C:\Users\Teacher\Music\invencea\backend\src\controllers\request.controller.js:252:22)
2026-03-28 20:32:42 [error]: error: operator does not exist: character varying = bigint
    at C:\Users\Teacher\Music\invencea\backend\node_modules\pg-pool\index.js:45:11
    at process.processTicksAndRejections (node:internal/process/task_queues:103:5)
    at async getCalendarEvents (C:\Users\Teacher\Music\invencea\backend\src\controllers\request.controller.js:252:22)
2026-03-28 20:32:42 [error]: error: operator does not exist: character varying = bigint
    at C:\Users\Teacher\Music\invencea\backend\node_modules\pg-pool\index.js:45:11
    at process.processTicksAndRejections (node:internal/process/task_queues:103:5)
    at async getCalendarEvents (C:\Users\Teacher\Music\invencea\backend\src\controllers\request.controller.js:252:22)
2026-03-28 20:48:57 [error]: error: operator does not exist: character varying = bigint
    at C:\Users\Teacher\Music\invencea\backend\node_modules\pg-pool\index.js:45:11
    at process.processTicksAndRejections (node:internal/process/task_queues:103:5)
    at async getCalendarEvents (C:\Users\Teacher\Music\invencea\backend\src\controllers\request.controller.js:252:22)
2026-03-28 20:48:57 [error]: error: operator does not exist: character varying = bigint
    at C:\Users\Teacher\Music\invencea\backend\node_modules\pg-pool\index.js:45:11
    at process.processTicksAndRejections (node:internal/process/task_queues:103:5)
    at async getCalendarEvents (C:\Users\Teacher\Music\invencea\backend\src\controllers\request.controller.js:252:22)
2026-03-30 10:30:23 [error]: error: operator does not exist: bigint = character varying
    at C:\Users\Teacher\Music\invencea\backend\node_modules\pg-pool\index.js:45:11
    at process.processTicksAndRejections (node:internal/process/task_queues:103:5)
    at async getRecentRequests (C:\Users\Teacher\Music\invencea\backend\src\controllers\admin.controller.js:37:22)
2026-03-30 10:30:23 [error]: error: operator does not exist: bigint = character varying
    at C:\Users\Teacher\Music\invencea\backend\node_modules\pg-pool\index.js:45:11
    at process.processTicksAndRejections (node:internal/process/task_queues:103:5)
    at async getRecentRequests (C:\Users\Teacher\Music\invencea\backend\src\controllers\admin.controller.js:37:22)
2026-03-30 10:30:43 [error]: error: operator does not exist: bigint = character varying
    at C:\Users\Teacher\Music\invencea\backend\node_modules\pg-pool\index.js:45:11
    at process.processTicksAndRejections (node:internal/process/task_queues:103:5)
    at async getRecentRequests (C:\Users\Teacher\Music\invencea\backend\src\controllers\admin.controller.js:37:22)
2026-03-30 10:30:43 [error]: error: operator does not exist: bigint = character varying
    at C:\Users\Teacher\Music\invencea\backend\node_modules\pg-pool\index.js:45:11
    at process.processTicksAndRejections (node:internal/process/task_queues:103:5)
    at async getRecentRequests (C:\Users\Teacher\Music\invencea\backend\src\controllers\admin.controller.js:37:22)
2026-03-30 15:54:00 [error]: error: operator does not exist: bigint = character varying
    at C:\Users\Teacher\Music\invencea\backend\node_modules\pg-pool\index.js:45:11
    at process.processTicksAndRejections (node:internal/process/task_queues:103:5)
    at async getRecentRequests (C:\Users\Teacher\Music\invencea\backend\src\controllers\admin.controller.js:37:22)
2026-03-30 15:54:00 [error]: error: operator does not exist: bigint = character varying
    at C:\Users\Teacher\Music\invencea\backend\node_modules\pg-pool\index.js:45:11
    at process.processTicksAndRejections (node:internal/process/task_queues:103:5)
    at async getRecentRequests (C:\Users\Teacher\Music\invencea\backend\src\controllers\admin.controller.js:37:22)
2026-03-30 17:09:48 [error]: error: operator does not exist: bigint = character varying
    at C:\Users\Teacher\Music\invencea\backend\node_modules\pg-pool\index.js:45:11
    at process.processTicksAndRejections (node:internal/process/task_queues:103:5)
    at async getRecentRequests (C:\Users\Teacher\Music\invencea\backend\src\controllers\admin.controller.js:37:22)
2026-03-30 17:09:48 [error]: error: operator does not exist: bigint = character varying
    at C:\Users\Teacher\Music\invencea\backend\node_modules\pg-pool\index.js:45:11
    at process.processTicksAndRejections (node:internal/process/task_queues:103:5)
    at async getRecentRequests (C:\Users\Teacher\Music\invencea\backend\src\controllers\admin.controller.js:37:22)
2026-03-30 17:24:31 [error]: Error: read ECONNRESET
    at TLSWrap.onStreamRead (node:internal/stream_base_commons:216:20)
2026-03-30 18:22:50 [error]: Error: read ECONNRESET
    at TLSWrap.onStreamRead (node:internal/stream_base_commons:216:20)
2026-03-30 19:59:42 [error]: error: operator does not exist: bigint = character varying
    at C:\Users\Teacher\Music\invencea\backend\node_modules\pg-pool\index.js:45:11
    at process.processTicksAndRejections (node:internal/process/task_queues:103:5)
    at async getRecentRequests (C:\Users\Teacher\Music\invencea\backend\src\controllers\admin.controller.js:37:22)
2026-03-30 19:59:42 [error]: error: operator does not exist: bigint = character varying
    at C:\Users\Teacher\Music\invencea\backend\node_modules\pg-pool\index.js:45:11
    at process.processTicksAndRejections (node:internal/process/task_queues:103:5)
    at async getRecentRequests (C:\Users\Teacher\Music\invencea\backend\src\controllers\admin.controller.js:37:22)
2026-03-31 13:59:59 [error]: error: operator does not exist: bigint = character varying
    at C:\Users\Teacher\Music\invencea\backend\node_modules\pg-pool\index.js:45:11
    at process.processTicksAndRejections (node:internal/process/task_queues:103:5)
    at async getRecentRequests (C:\Users\Teacher\Music\invencea\backend\src\controllers\admin.controller.js:37:22)
2026-03-31 13:59:59 [error]: error: operator does not exist: bigint = character varying
    at C:\Users\Teacher\Music\invencea\backend\node_modules\pg-pool\index.js:45:11
    at process.processTicksAndRejections (node:internal/process/task_queues:103:5)
    at async getRecentRequests (C:\Users\Teacher\Music\invencea\backend\src\controllers\admin.controller.js:37:22)
2026-03-31 14:23:21 [error]: error: operator does not exist: bigint = character varying
    at C:\Users\Teacher\Music\invencea\backend\node_modules\pg-pool\index.js:45:11
    at process.processTicksAndRejections (node:internal/process/task_queues:103:5)
    at async getRecentRequests (C:\Users\Teacher\Music\invencea\backend\src\controllers\admin.controller.js:37:22)
2026-03-31 14:23:21 [error]: error: operator does not exist: bigint = character varying
    at C:\Users\Teacher\Music\invencea\backend\node_modules\pg-pool\index.js:45:11
    at process.processTicksAndRejections (node:internal/process/task_queues:103:5)
    at async getRecentRequests (C:\Users\Teacher\Music\invencea\backend\src\controllers\admin.controller.js:37:22)
2026-03-31 14:23:31 [error]: error: operator does not exist: bigint = character varying
    at C:\Users\Teacher\Music\invencea\backend\node_modules\pg-pool\index.js:45:11
    at process.processTicksAndRejections (node:internal/process/task_queues:103:5)
    at async getRecentRequests (C:\Users\Teacher\Music\invencea\backend\src\controllers\admin.controller.js:37:22)
2026-03-31 14:23:31 [error]: error: operator does not exist: bigint = character varying
    at C:\Users\Teacher\Music\invencea\backend\node_modules\pg-pool\index.js:45:11
    at process.processTicksAndRejections (node:internal/process/task_queues:103:5)
    at async getRecentRequests (C:\Users\Teacher\Music\invencea\backend\src\controllers\admin.controller.js:37:22)
2026-03-31 14:35:40 [error]: error: operator does not exist: bigint = character varying
    at C:\Users\Teacher\Music\invencea\backend\node_modules\pg-pool\index.js:45:11
    at process.processTicksAndRejections (node:internal/process/task_queues:103:5)
    at async getRecentRequests (C:\Users\Teacher\Music\invencea\backend\src\controllers\admin.controller.js:37:22)
2026-03-31 14:35:40 [error]: error: operator does not exist: bigint = character varying
    at C:\Users\Teacher\Music\invencea\backend\node_modules\pg-pool\index.js:45:11
    at process.processTicksAndRejections (node:internal/process/task_queues:103:5)
    at async getRecentRequests (C:\Users\Teacher\Music\invencea\backend\src\controllers\admin.controller.js:37:22)
2026-03-31 14:36:59 [error]: Error: This item is not currently issued to anyone.
    at C:\Users\Teacher\Music\invencea\backend\src\services\request.service.js:546:47
    at process.processTicksAndRejections (node:internal/process/task_queues:103:5)
    at async withTransaction (C:\Users\Teacher\Music\invencea\backend\src\config\db.js:44:20)
    at async returnItemByBarcode (C:\Users\Teacher\Music\invencea\backend\src\controllers\request.controller.js:120:20)
2026-03-31 14:58:20 [error]: error: operator does not exist: bigint = character varying
    at C:\Users\Teacher\Music\invencea\backend\node_modules\pg-pool\index.js:45:11
    at process.processTicksAndRejections (node:internal/process/task_queues:103:5)
    at async getRecentRequests (C:\Users\Teacher\Music\invencea\backend\src\controllers\admin.controller.js:37:22)
2026-03-31 14:58:20 [error]: error: operator does not exist: bigint = character varying
    at C:\Users\Teacher\Music\invencea\backend\node_modules\pg-pool\index.js:45:11
    at process.processTicksAndRejections (node:internal/process/task_queues:103:5)
    at async getRecentRequests (C:\Users\Teacher\Music\invencea\backend\src\controllers\admin.controller.js:37:22)
2026-03-31 14:58:35 [error]: error: operator does not exist: bigint = character varying
    at C:\Users\Teacher\Music\invencea\backend\node_modules\pg-pool\index.js:45:11
    at process.processTicksAndRejections (node:internal/process/task_queues:103:5)
    at async getRecentRequests (C:\Users\Teacher\Music\invencea\backend\src\controllers\admin.controller.js:37:22)
2026-03-31 14:58:35 [error]: error: operator does not exist: bigint = character varying
    at C:\Users\Teacher\Music\invencea\backend\node_modules\pg-pool\index.js:45:11
    at process.processTicksAndRejections (node:internal/process/task_queues:103:5)
    at async getRecentRequests (C:\Users\Teacher\Music\invencea\backend\src\controllers\admin.controller.js:37:22)
2026-03-31 15:36:28 [error]: error: operator does not exist: bigint = character varying
    at C:\Users\Teacher\Music\invencea\backend\node_modules\pg-pool\index.js:45:11
    at process.processTicksAndRejections (node:internal/process/task_queues:103:5)
    at async getRecentRequests (C:\Users\Teacher\Music\invencea\backend\src\controllers\admin.controller.js:61:22)
2026-03-31 15:36:28 [error]: error: operator does not exist: bigint = character varying
    at C:\Users\Teacher\Music\invencea\backend\node_modules\pg-pool\index.js:45:11
    at process.processTicksAndRejections (node:internal/process/task_queues:103:5)
    at async getRecentRequests (C:\Users\Teacher\Music\invencea\backend\src\controllers\admin.controller.js:61:22)
2026-03-31 15:40:02 [error]: error: operator does not exist: bigint = character varying
    at C:\Users\Teacher\Music\invencea\backend\node_modules\pg-pool\index.js:45:11
    at process.processTicksAndRejections (node:internal/process/task_queues:103:5)
    at async getRecentRequests (C:\Users\Teacher\Music\invencea\backend\src\controllers\admin.controller.js:61:22)
2026-03-31 15:40:02 [error]: error: operator does not exist: bigint = character varying
    at C:\Users\Teacher\Music\invencea\backend\node_modules\pg-pool\index.js:45:11
    at process.processTicksAndRejections (node:internal/process/task_queues:103:5)
    at async getRecentRequests (C:\Users\Teacher\Music\invencea\backend\src\controllers\admin.controller.js:61:22)
2026-03-31 15:46:40 [error]: error: operator does not exist: bigint = character varying
    at C:\Users\Teacher\Music\invencea\backend\node_modules\pg-pool\index.js:45:11
    at process.processTicksAndRejections (node:internal/process/task_queues:103:5)
    at async getRecentRequests (C:\Users\Teacher\Music\invencea\backend\src\controllers\admin.controller.js:61:22)
2026-03-31 15:46:40 [error]: error: operator does not exist: bigint = character varying
    at C:\Users\Teacher\Music\invencea\backend\node_modules\pg-pool\index.js:45:11
    at process.processTicksAndRejections (node:internal/process/task_queues:103:5)
    at async getRecentRequests (C:\Users\Teacher\Music\invencea\backend\src\controllers\admin.controller.js:61:22)
2026-03-31 15:47:28 [error]: error: operator does not exist: bigint = character varying
    at C:\Users\Teacher\Music\invencea\backend\node_modules\pg-pool\index.js:45:11
    at process.processTicksAndRejections (node:internal/process/task_queues:103:5)
    at async getRecentRequests (C:\Users\Teacher\Music\invencea\backend\src\controllers\admin.controller.js:61:22)
2026-03-31 15:47:29 [error]: error: operator does not exist: bigint = character varying
    at C:\Users\Teacher\Music\invencea\backend\node_modules\pg-pool\index.js:45:11
    at process.processTicksAndRejections (node:internal/process/task_queues:103:5)
    at async getRecentRequests (C:\Users\Teacher\Music\invencea\backend\src\controllers\admin.controller.js:61:22)
2026-03-31 16:16:21 [error]: error: operator does not exist: bigint = character varying
    at C:\Users\Teacher\Music\invencea\backend\node_modules\pg-pool\index.js:45:11
    at process.processTicksAndRejections (node:internal/process/task_queues:103:5)
    at async getRecentRequests (C:\Users\Teacher\Music\invencea\backend\src\controllers\admin.controller.js:60:22)
2026-03-31 16:16:21 [error]: error: operator does not exist: bigint = character varying
    at C:\Users\Teacher\Music\invencea\backend\node_modules\pg-pool\index.js:45:11
    at process.processTicksAndRejections (node:internal/process/task_queues:103:5)
    at async getRecentRequests (C:\Users\Teacher\Music\invencea\backend\src\controllers\admin.controller.js:60:22)
2026-03-31 16:17:24 [error]: error: operator does not exist: bigint = character varying
    at C:\Users\Teacher\Music\invencea\backend\node_modules\pg-pool\index.js:45:11
    at process.processTicksAndRejections (node:internal/process/task_queues:103:5)
    at async getRecentRequests (C:\Users\Teacher\Music\invencea\backend\src\controllers\admin.controller.js:60:22)
2026-03-31 16:17:24 [error]: error: operator does not exist: bigint = character varying
    at C:\Users\Teacher\Music\invencea\backend\node_modules\pg-pool\index.js:45:11
    at process.processTicksAndRejections (node:internal/process/task_queues:103:5)
    at async getRecentRequests (C:\Users\Teacher\Music\invencea\backend\src\controllers\admin.controller.js:60:22)
2026-03-31 22:09:13 [error]: Error: write ECONNABORTED
    at WriteWrap.onWriteComplete [as oncomplete] (node:internal/stream_base_commons:87:19)
    at handleWriteReq (node:internal/stream_base_commons:52:26)
    at writeGeneric (node:internal/stream_base_commons:148:15)
    at Socket._writeGeneric (node:net:966:11)
    at Socket._write (node:net:978:8)
    at writeOrBuffer (node:internal/streams/writable:570:12)
    at _write (node:internal/streams/writable:499:10)
    at Writable.write (node:internal/streams/writable:508:10)
    at Connection.end (C:\Users\Teacher\Music\invencea\backend\node_modules\pg\lib\connection.js:195:24)
    at Client.end (C:\Users\Teacher\Music\invencea\backend\node_modules\pg\lib\client.js:723:23)
    at BoundPool._remove (C:\Users\Teacher\Music\invencea\backend\node_modules\pg-pool\index.js:181:12)
    at Timeout.<anonymous> (C:\Users\Teacher\Music\invencea\backend\node_modules\pg-pool\index.js:413:16)
    at listOnTimeout (node:internal/timers:605:17)
    at process.processTimers (node:internal/timers:541:7)
2026-04-02 09:16:28 [error]: Error: Connection terminated due to connection timeout
    at C:\Users\Teacher\Music\invencea\backend\node_modules\pg-pool\index.js:45:11
    at process.processTicksAndRejections (node:internal/process/task_queues:103:5)
    at async Object.adminLogin (C:\Users\Teacher\Music\invencea\backend\src\services\auth.service.js:148:20)
    at async adminLogin (C:\Users\Teacher\Music\invencea\backend\src\controllers\auth.controller.js:98:20)
2026-04-02 09:16:41 [error]: error: operator does not exist: bigint = character varying
    at C:\Users\Teacher\Music\invencea\backend\node_modules\pg-pool\index.js:45:11
    at process.processTicksAndRejections (node:internal/process/task_queues:103:5)
    at async getRecentRequests (C:\Users\Teacher\Music\invencea\backend\src\controllers\admin.controller.js:60:22)
2026-04-02 09:16:41 [error]: error: operator does not exist: bigint = character varying
    at C:\Users\Teacher\Music\invencea\backend\node_modules\pg-pool\index.js:45:11
    at process.processTicksAndRejections (node:internal/process/task_queues:103:5)
    at async getRecentRequests (C:\Users\Teacher\Music\invencea\backend\src\controllers\admin.controller.js:60:22)
2026-04-02 09:20:15 [error]: error: operator does not exist: bigint = character varying
    at C:\Users\Teacher\Music\invencea\backend\node_modules\pg-pool\index.js:45:11
    at process.processTicksAndRejections (node:internal/process/task_queues:103:5)
    at async getRecentRequests (C:\Users\Teacher\Music\invencea\backend\src\controllers\admin.controller.js:60:22)
2026-04-02 09:20:15 [error]: error: operator does not exist: bigint = character varying
    at C:\Users\Teacher\Music\invencea\backend\node_modules\pg-pool\index.js:45:11
    at process.processTicksAndRejections (node:internal/process/task_queues:103:5)
    at async getRecentRequests (C:\Users\Teacher\Music\invencea\backend\src\controllers\admin.controller.js:60:22)
2026-04-02 09:29:47 [error]: error: operator does not exist: bigint = character varying
    at C:\Users\Teacher\Music\invencea\backend\node_modules\pg-pool\index.js:45:11
    at process.processTicksAndRejections (node:internal/process/task_queues:103:5)
    at async getRecentRequests (C:\Users\Teacher\Music\invencea\backend\src\controllers\admin.controller.js:60:22)
2026-04-02 09:29:47 [error]: error: operator does not exist: bigint = character varying
    at C:\Users\Teacher\Music\invencea\backend\node_modules\pg-pool\index.js:45:11
    at process.processTicksAndRejections (node:internal/process/task_queues:103:5)
    at async getRecentRequests (C:\Users\Teacher\Music\invencea\backend\src\controllers\admin.controller.js:60:22)
2026-04-02 09:29:55 [error]: error: operator does not exist: bigint = character varying
    at C:\Users\Teacher\Music\invencea\backend\node_modules\pg-pool\index.js:45:11
    at process.processTicksAndRejections (node:internal/process/task_queues:103:5)
    at async getRecentRequests (C:\Users\Teacher\Music\invencea\backend\src\controllers\admin.controller.js:60:22)
2026-04-02 09:29:55 [error]: error: operator does not exist: bigint = character varying
    at C:\Users\Teacher\Music\invencea\backend\node_modules\pg-pool\index.js:45:11
    at process.processTicksAndRejections (node:internal/process/task_queues:103:5)
    at async getRecentRequests (C:\Users\Teacher\Music\invencea\backend\src\controllers\admin.controller.js:60:22)
2026-04-02 09:32:37 [error]: error: operator does not exist: bigint = character varying
    at C:\Users\Teacher\Music\invencea\backend\node_modules\pg-pool\index.js:45:11
    at process.processTicksAndRejections (node:internal/process/task_queues:103:5)
    at async getRecentRequests (C:\Users\Teacher\Music\invencea\backend\src\controllers\admin.controller.js:60:22)
2026-04-02 09:32:38 [error]: error: operator does not exist: bigint = character varying
    at C:\Users\Teacher\Music\invencea\backend\node_modules\pg-pool\index.js:45:11
    at process.processTicksAndRejections (node:internal/process/task_queues:103:5)
    at async getRecentRequests (C:\Users\Teacher\Music\invencea\backend\src\controllers\admin.controller.js:60:22)
2026-04-02 09:44:26 [error]: error: operator does not exist: bigint = character varying
    at C:\Users\Teacher\Music\invencea\backend\node_modules\pg-pool\index.js:45:11
    at process.processTicksAndRejections (node:internal/process/task_queues:103:5)
    at async getRecentRequests (C:\Users\Teacher\Music\invencea\backend\src\controllers\admin.controller.js:60:22)
2026-04-02 09:44:26 [error]: error: operator does not exist: bigint = character varying
    at C:\Users\Teacher\Music\invencea\backend\node_modules\pg-pool\index.js:45:11
    at process.processTicksAndRejections (node:internal/process/task_queues:103:5)
    at async getRecentRequests (C:\Users\Teacher\Music\invencea\backend\src\controllers\admin.controller.js:60:22)
2026-04-02 10:00:31 [error]: error: operator does not exist: bigint = character varying
    at C:\Users\Teacher\Music\invencea\backend\node_modules\pg-pool\index.js:45:11
    at process.processTicksAndRejections (node:internal/process/task_queues:103:5)
    at async getRecentRequests (C:\Users\Teacher\Music\invencea\backend\src\controllers\admin.controller.js:60:22)
2026-04-02 10:00:32 [error]: error: operator does not exist: bigint = character varying
    at C:\Users\Teacher\Music\invencea\backend\node_modules\pg-pool\index.js:45:11
    at process.processTicksAndRejections (node:internal/process/task_queues:103:5)
    at async getRecentRequests (C:\Users\Teacher\Music\invencea\backend\src\controllers\admin.controller.js:60:22)
2026-04-02 10:02:10 [error]: error: operator does not exist: bigint = character varying
    at C:\Users\Teacher\Music\invencea\backend\node_modules\pg-pool\index.js:45:11
    at process.processTicksAndRejections (node:internal/process/task_queues:103:5)
    at async getRecentRequests (C:\Users\Teacher\Music\invencea\backend\src\controllers\admin.controller.js:60:22)
2026-04-02 10:02:10 [error]: error: operator does not exist: bigint = character varying
    at C:\Users\Teacher\Music\invencea\backend\node_modules\pg-pool\index.js:45:11
    at process.processTicksAndRejections (node:internal/process/task_queues:103:5)
    at async getRecentRequests (C:\Users\Teacher\Music\invencea\backend\src\controllers\admin.controller.js:60:22)
2026-04-02 10:08:55 [error]: error: operator does not exist: bigint = character varying
    at C:\Users\Teacher\Music\invencea\backend\node_modules\pg-pool\index.js:45:11
    at process.processTicksAndRejections (node:internal/process/task_queues:103:5)
    at async getRecentRequests (C:\Users\Teacher\Music\invencea\backend\src\controllers\admin.controller.js:60:22)
2026-04-02 10:08:55 [error]: error: operator does not exist: bigint = character varying
    at C:\Users\Teacher\Music\invencea\backend\node_modules\pg-pool\index.js:45:11
    at process.processTicksAndRejections (node:internal/process/task_queues:103:5)
    at async getRecentRequests (C:\Users\Teacher\Music\invencea\backend\src\controllers\admin.controller.js:60:22)
2026-04-02 10:08:59 [error]: error: operator does not exist: bigint = character varying
    at C:\Users\Teacher\Music\invencea\backend\node_modules\pg-pool\index.js:45:11
    at process.processTicksAndRejections (node:internal/process/task_queues:103:5)
    at async getRecentRequests (C:\Users\Teacher\Music\invencea\backend\src\controllers\admin.controller.js:60:22)
2026-04-02 10:08:59 [error]: error: operator does not exist: bigint = character varying
    at C:\Users\Teacher\Music\invencea\backend\node_modules\pg-pool\index.js:45:11
    at process.processTicksAndRejections (node:internal/process/task_queues:103:5)
    at async getRecentRequests (C:\Users\Teacher\Music\invencea\backend\src\controllers\admin.controller.js:60:22)
2026-04-02 10:09:30 [error]: error: operator does not exist: bigint = character varying
    at C:\Users\Teacher\Music\invencea\backend\node_modules\pg-pool\index.js:45:11
    at process.processTicksAndRejections (node:internal/process/task_queues:103:5)
    at async getRecentRequests (C:\Users\Teacher\Music\invencea\backend\src\controllers\admin.controller.js:60:22)
2026-04-02 10:29:19 [error]: error: operator does not exist: bigint = character varying
    at C:\Users\Teacher\Music\invencea\backend\node_modules\pg-pool\index.js:45:11
    at process.processTicksAndRejections (node:internal/process/task_queues:103:5)
    at async getRecentRequests (C:\Users\Teacher\Music\invencea\backend\src\controllers\admin.controller.js:60:22)
2026-04-02 10:29:19 [error]: error: operator does not exist: bigint = character varying
    at C:\Users\Teacher\Music\invencea\backend\node_modules\pg-pool\index.js:45:11
    at process.processTicksAndRejections (node:internal/process/task_queues:103:5)
    at async getRecentRequests (C:\Users\Teacher\Music\invencea\backend\src\controllers\admin.controller.js:60:22)
2026-04-02 12:51:17 [error]: error: operator does not exist: bigint = character varying
    at C:\Users\Teacher\Music\invencea\backend\node_modules\pg-pool\index.js:45:11
    at process.processTicksAndRejections (node:internal/process/task_queues:103:5)
    at async getRecentRequests (C:\Users\Teacher\Music\invencea\backend\src\controllers\admin.controller.js:60:22)
2026-04-02 12:51:17 [error]: error: operator does not exist: bigint = character varying
    at C:\Users\Teacher\Music\invencea\backend\node_modules\pg-pool\index.js:45:11
    at process.processTicksAndRejections (node:internal/process/task_queues:103:5)
    at async getRecentRequests (C:\Users\Teacher\Music\invencea\backend\src\controllers\admin.controller.js:60:22)
2026-04-02 13:13:12 [error]: error: operator does not exist: bigint = character varying
    at C:\Users\Teacher\Music\invencea\backend\node_modules\pg-pool\index.js:45:11
    at process.processTicksAndRejections (node:internal/process/task_queues:103:5)
    at async getRecentRequests (C:\Users\Teacher\Music\invencea\backend\src\controllers\admin.controller.js:60:22)
2026-04-02 13:13:12 [error]: error: operator does not exist: bigint = character varying
    at C:\Users\Teacher\Music\invencea\backend\node_modules\pg-pool\index.js:45:11
    at process.processTicksAndRejections (node:internal/process/task_queues:103:5)
    at async getRecentRequests (C:\Users\Teacher\Music\invencea\backend\src\controllers\admin.controller.js:60:22)
2026-04-02 13:15:49 [error]: error: operator does not exist: bigint = character varying
    at C:\Users\Teacher\Music\invencea\backend\node_modules\pg-pool\index.js:45:11
    at process.processTicksAndRejections (node:internal/process/task_queues:103:5)
    at async getRecentRequests (C:\Users\Teacher\Music\invencea\backend\src\controllers\admin.controller.js:60:22)
2026-04-02 13:15:50 [error]: error: operator does not exist: bigint = character varying
    at C:\Users\Teacher\Music\invencea\backend\node_modules\pg-pool\index.js:45:11
    at process.processTicksAndRejections (node:internal/process/task_queues:103:5)
    at async getRecentRequests (C:\Users\Teacher\Music\invencea\backend\src\controllers\admin.controller.js:60:22)
2026-04-02 13:29:24 [error]: Error: Invalid credentials
    at Object.adminLogin (C:\Users\Teacher\Music\invencea\backend\src\services\auth.service.js:163:35)
    at async adminLogin (C:\Users\Teacher\Music\invencea\backend\src\controllers\auth.controller.js:98:20)
2026-04-02 13:29:53 [error]: error: operator does not exist: bigint = character varying
    at C:\Users\Teacher\Music\invencea\backend\node_modules\pg-pool\index.js:45:11
    at process.processTicksAndRejections (node:internal/process/task_queues:103:5)
    at async getRecentRequests (C:\Users\Teacher\Music\invencea\backend\src\controllers\admin.controller.js:60:22)
2026-04-02 13:29:53 [error]: error: operator does not exist: bigint = character varying
    at C:\Users\Teacher\Music\invencea\backend\node_modules\pg-pool\index.js:45:11
    at process.processTicksAndRejections (node:internal/process/task_queues:103:5)
    at async getRecentRequests (C:\Users\Teacher\Music\invencea\backend\src\controllers\admin.controller.js:60:22)
2026-04-02 14:07:37 [error]: error: operator does not exist: bigint = character varying
    at C:\Users\Teacher\Music\invencea\backend\node_modules\pg-pool\index.js:45:11
    at process.processTicksAndRejections (node:internal/process/task_queues:103:5)
    at async getRecentRequests (C:\Users\Teacher\Music\invencea\backend\src\controllers\admin.controller.js:60:22)
2026-04-02 14:07:37 [error]: error: operator does not exist: bigint = character varying
    at C:\Users\Teacher\Music\invencea\backend\node_modules\pg-pool\index.js:45:11
    at process.processTicksAndRejections (node:internal/process/task_queues:103:5)
    at async getRecentRequests (C:\Users\Teacher\Music\invencea\backend\src\controllers\admin.controller.js:60:22)
2026-04-02 14:07:44 [error]: error: operator does not exist: bigint = character varying
    at C:\Users\Teacher\Music\invencea\backend\node_modules\pg-pool\index.js:45:11
    at process.processTicksAndRejections (node:internal/process/task_queues:103:5)
    at async getRecentRequests (C:\Users\Teacher\Music\invencea\backend\src\controllers\admin.controller.js:60:22)
2026-04-02 14:07:45 [error]: error: operator does not exist: bigint = character varying
    at C:\Users\Teacher\Music\invencea\backend\node_modules\pg-pool\index.js:45:11
    at process.processTicksAndRejections (node:internal/process/task_queues:103:5)
    at async getRecentRequests (C:\Users\Teacher\Music\invencea\backend\src\controllers\admin.controller.js:60:22)
2026-04-02 14:07:47 [error]: error: operator does not exist: bigint = character varying
    at C:\Users\Teacher\Music\invencea\backend\node_modules\pg-pool\index.js:45:11
    at process.processTicksAndRejections (node:internal/process/task_queues:103:5)
    at async getRecentRequests (C:\Users\Teacher\Music\invencea\backend\src\controllers\admin.controller.js:60:22)
2026-04-02 14:07:48 [error]: error: operator does not exist: bigint = character varying
    at C:\Users\Teacher\Music\invencea\backend\node_modules\pg-pool\index.js:45:11
    at process.processTicksAndRejections (node:internal/process/task_queues:103:5)
    at async getRecentRequests (C:\Users\Teacher\Music\invencea\backend\src\controllers\admin.controller.js:60:22)
2026-04-02 14:24:38 [error]: error: operator does not exist: bigint = character varying
    at C:\Users\Teacher\Music\invencea\backend\node_modules\pg-pool\index.js:45:11
    at process.processTicksAndRejections (node:internal/process/task_queues:103:5)
    at async getRecentRequests (C:\Users\Teacher\Music\invencea\backend\src\controllers\admin.controller.js:60:22)
2026-04-02 14:24:39 [error]: error: operator does not exist: bigint = character varying
    at C:\Users\Teacher\Music\invencea\backend\node_modules\pg-pool\index.js:45:11
    at process.processTicksAndRejections (node:internal/process/task_queues:103:5)
    at async getRecentRequests (C:\Users\Teacher\Music\invencea\backend\src\controllers\admin.controller.js:60:22)
2026-04-02 14:24:39 [error]: error: operator does not exist: bigint = character varying
    at C:\Users\Teacher\Music\invencea\backend\node_modules\pg-pool\index.js:45:11
    at process.processTicksAndRejections (node:internal/process/task_queues:103:5)
    at async getRecentRequests (C:\Users\Teacher\Music\invencea\backend\src\controllers\admin.controller.js:60:22)
2026-04-02 14:24:39 [error]: error: operator does not exist: bigint = character varying
    at C:\Users\Teacher\Music\invencea\backend\node_modules\pg-pool\index.js:45:11
    at process.processTicksAndRejections (node:internal/process/task_queues:103:5)
    at async getRecentRequests (C:\Users\Teacher\Music\invencea\backend\src\controllers\admin.controller.js:60:22)
2026-04-02 14:49:58 [error]: error: operator does not exist: bigint = character varying
    at C:\Users\Teacher\Music\invencea\backend\node_modules\pg-pool\index.js:45:11
    at process.processTicksAndRejections (node:internal/process/task_queues:103:5)
    at async getRecentRequests (C:\Users\Teacher\Music\invencea\backend\src\controllers\admin.controller.js:60:22)
2026-04-02 14:49:58 [error]: error: operator does not exist: bigint = character varying
    at C:\Users\Teacher\Music\invencea\backend\node_modules\pg-pool\index.js:45:11
    at process.processTicksAndRejections (node:internal/process/task_queues:103:5)
    at async getRecentRequests (C:\Users\Teacher\Music\invencea\backend\src\controllers\admin.controller.js:60:22)
2026-04-02 14:50:04 [error]: error: operator does not exist: bigint = character varying
    at C:\Users\Teacher\Music\invencea\backend\node_modules\pg-pool\index.js:45:11
    at process.processTicksAndRejections (node:internal/process/task_queues:103:5)
    at async getRecentRequests (C:\Users\Teacher\Music\invencea\backend\src\controllers\admin.controller.js:60:22)
2026-04-02 14:50:04 [error]: error: operator does not exist: bigint = character varying
    at C:\Users\Teacher\Music\invencea\backend\node_modules\pg-pool\index.js:45:11
    at process.processTicksAndRejections (node:internal/process/task_queues:103:5)
    at async getRecentRequests (C:\Users\Teacher\Music\invencea\backend\src\controllers\admin.controller.js:60:22)
2026-04-02 23:02:03 [error]: error: column r.updated_at does not exist
    at C:\Users\Teacher\Music\invencea\backend\node_modules\pg-pool\index.js:45:11
    at process.processTicksAndRejections (node:internal/process/task_queues:103:5)
    at async Object.getIssuedReports (C:\Users\Teacher\Music\invencea\backend\src\services\report.service.js:39:20)
    at async getReports (C:\Users\Teacher\Music\invencea\backend\src\controllers\report.controller.js:7:18)
2026-04-02 23:02:03 [error]: error: column r.updated_at does not exist
    at C:\Users\Teacher\Music\invencea\backend\node_modules\pg-pool\index.js:45:11
    at process.processTicksAndRejections (node:internal/process/task_queues:103:5)
    at async Object.getIssuedReports (C:\Users\Teacher\Music\invencea\backend\src\services\report.service.js:39:20)
    at async getReports (C:\Users\Teacher\Music\invencea\backend\src\controllers\report.controller.js:7:18)
2026-04-02 23:02:07 [error]: error: column r.updated_at does not exist
    at C:\Users\Teacher\Music\invencea\backend\node_modules\pg-pool\index.js:45:11
    at process.processTicksAndRejections (node:internal/process/task_queues:103:5)
    at async Object.getIssuedReports (C:\Users\Teacher\Music\invencea\backend\src\services\report.service.js:39:20)
    at async getReports (C:\Users\Teacher\Music\invencea\backend\src\controllers\report.controller.js:7:18)
2026-04-02 23:02:07 [error]: error: column r.updated_at does not exist
    at C:\Users\Teacher\Music\invencea\backend\node_modules\pg-pool\index.js:45:11
    at process.processTicksAndRejections (node:internal/process/task_queues:103:5)
    at async Object.getIssuedReports (C:\Users\Teacher\Music\invencea\backend\src\services\report.service.js:39:20)
    at async getReports (C:\Users\Teacher\Music\invencea\backend\src\controllers\report.controller.js:7:18)
2026-04-02 23:02:30 [error]: error: operator does not exist: bigint = character varying
    at C:\Users\Teacher\Music\invencea\backend\node_modules\pg-pool\index.js:45:11
    at process.processTicksAndRejections (node:internal/process/task_queues:103:5)
    at async getRecentRequests (C:\Users\Teacher\Music\invencea\backend\src\controllers\admin.controller.js:60:22)
2026-04-02 23:02:30 [error]: error: operator does not exist: bigint = character varying
    at C:\Users\Teacher\Music\invencea\backend\node_modules\pg-pool\index.js:45:11
    at process.processTicksAndRejections (node:internal/process/task_queues:103:5)
    at async getRecentRequests (C:\Users\Teacher\Music\invencea\backend\src\controllers\admin.controller.js:60:22)
2026-04-02 23:02:32 [error]: error: column r.updated_at does not exist
    at C:\Users\Teacher\Music\invencea\backend\node_modules\pg-pool\index.js:45:11
    at process.processTicksAndRejections (node:internal/process/task_queues:103:5)
    at async Object.getIssuedReports (C:\Users\Teacher\Music\invencea\backend\src\services\report.service.js:39:20)
    at async getReports (C:\Users\Teacher\Music\invencea\backend\src\controllers\report.controller.js:7:18)
2026-04-02 23:02:32 [error]: error: column r.updated_at does not exist
    at C:\Users\Teacher\Music\invencea\backend\node_modules\pg-pool\index.js:45:11
    at process.processTicksAndRejections (node:internal/process/task_queues:103:5)
    at async Object.getIssuedReports (C:\Users\Teacher\Music\invencea\backend\src\services\report.service.js:39:20)
    at async getReports (C:\Users\Teacher\Music\invencea\backend\src\controllers\report.controller.js:7:18)
2026-04-02 23:02:57 [error]: error: column r.updated_at does not exist
    at C:\Users\Teacher\Music\invencea\backend\node_modules\pg-pool\index.js:45:11
    at process.processTicksAndRejections (node:internal/process/task_queues:103:5)
    at async Object.getIssuedReports (C:\Users\Teacher\Music\invencea\backend\src\services\report.service.js:39:20)
    at async getReports (C:\Users\Teacher\Music\invencea\backend\src\controllers\report.controller.js:7:18)
2026-04-02 23:02:57 [error]: error: column r.updated_at does not exist
    at C:\Users\Teacher\Music\invencea\backend\node_modules\pg-pool\index.js:45:11
    at process.processTicksAndRejections (node:internal/process/task_queues:103:5)
    at async Object.getIssuedReports (C:\Users\Teacher\Music\invencea\backend\src\services\report.service.js:39:20)
    at async getReports (C:\Users\Teacher\Music\invencea\backend\src\controllers\report.controller.js:7:18)
2026-04-02 23:36:45 [error]: error: operator does not exist: bigint = character varying
    at C:\Users\Teacher\Music\invencea\backend\node_modules\pg-pool\index.js:45:11
    at process.processTicksAndRejections (node:internal/process/task_queues:103:5)
    at async getRecentRequests (C:\Users\Teacher\Music\invencea\backend\src\controllers\admin.controller.js:60:22)
2026-04-02 23:36:45 [error]: error: operator does not exist: bigint = character varying
    at C:\Users\Teacher\Music\invencea\backend\node_modules\pg-pool\index.js:45:11
    at process.processTicksAndRejections (node:internal/process/task_queues:103:5)
    at async getRecentRequests (C:\Users\Teacher\Music\invencea\backend\src\controllers\admin.controller.js:60:22)
2026-04-02 23:36:53 [error]: error: operator does not exist: bigint = character varying
    at C:\Users\Teacher\Music\invencea\backend\node_modules\pg-pool\index.js:45:11
    at process.processTicksAndRejections (node:internal/process/task_queues:103:5)
    at async getRecentRequests (C:\Users\Teacher\Music\invencea\backend\src\controllers\admin.controller.js:60:22)
2026-04-02 23:36:53 [error]: error: operator does not exist: bigint = character varying
    at C:\Users\Teacher\Music\invencea\backend\node_modules\pg-pool\index.js:45:11
    at process.processTicksAndRejections (node:internal/process/task_queues:103:5)
    at async getRecentRequests (C:\Users\Teacher\Music\invencea\backend\src\controllers\admin.controller.js:60:22)
2026-04-02 23:51:29 [error]: error: operator does not exist: bigint = character varying
    at C:\Users\Teacher\Music\invencea\backend\node_modules\pg-pool\index.js:45:11
    at process.processTicksAndRejections (node:internal/process/task_queues:103:5)
    at async getRecentRequests (C:\Users\Teacher\Music\invencea\backend\src\controllers\admin.controller.js:60:22)
2026-04-02 23:51:29 [error]: error: operator does not exist: bigint = character varying
    at C:\Users\Teacher\Music\invencea\backend\node_modules\pg-pool\index.js:45:11
    at process.processTicksAndRejections (node:internal/process/task_queues:103:5)
    at async getRecentRequests (C:\Users\Teacher\Music\invencea\backend\src\controllers\admin.controller.js:60:22)
2026-04-02 23:51:39 [error]: error: operator does not exist: bigint = character varying
    at C:\Users\Teacher\Music\invencea\backend\node_modules\pg-pool\index.js:45:11
    at process.processTicksAndRejections (node:internal/process/task_queues:103:5)
    at async getRecentRequests (C:\Users\Teacher\Music\invencea\backend\src\controllers\admin.controller.js:60:22)
2026-04-02 23:51:39 [error]: error: operator does not exist: bigint = character varying
    at C:\Users\Teacher\Music\invencea\backend\node_modules\pg-pool\index.js:45:11
    at process.processTicksAndRejections (node:internal/process/task_queues:103:5)
    at async getRecentRequests (C:\Users\Teacher\Music\invencea\backend\src\controllers\admin.controller.js:60:22)
2026-04-03 00:25:51 [error]: error: operator does not exist: bigint = character varying
    at C:\Users\Teacher\Music\invencea\backend\node_modules\pg-pool\index.js:45:11
    at process.processTicksAndRejections (node:internal/process/task_queues:103:5)
    at async getRecentRequests (C:\Users\Teacher\Music\invencea\backend\src\controllers\admin.controller.js:60:22)
2026-04-03 00:37:43 [error]: error: operator does not exist: bigint = character varying
    at C:\Users\Teacher\Music\invencea\backend\node_modules\pg-pool\index.js:45:11
    at process.processTicksAndRejections (node:internal/process/task_queues:103:5)
    at async getRecentRequests (C:\Users\Teacher\Music\invencea\backend\src\controllers\admin.controller.js:60:22)
2026-04-03 00:39:43 [error]: error: operator does not exist: bigint = character varying
    at C:\Users\Teacher\Music\invencea\backend\node_modules\pg-pool\index.js:45:11
    at process.processTicksAndRejections (node:internal/process/task_queues:103:5)
    at async getRecentRequests (C:\Users\Teacher\Music\invencea\backend\src\controllers\admin.controller.js:60:22)
2026-04-03 00:48:09 [error]: error: operator does not exist: bigint = character varying
    at C:\Users\Teacher\Music\invencea\backend\node_modules\pg-pool\index.js:45:11
    at process.processTicksAndRejections (node:internal/process/task_queues:103:5)
    at async getRecentRequests (C:\Users\Teacher\Music\invencea\backend\src\controllers\admin.controller.js:60:22)
2026-04-03 01:01:14 [error]: error: operator does not exist: bigint = character varying
    at C:\Users\Teacher\Music\invencea\backend\node_modules\pg-pool\index.js:45:11
    at process.processTicksAndRejections (node:internal/process/task_queues:103:5)
    at async getRecentRequests (C:\Users\Teacher\Music\invencea\backend\src\controllers\admin.controller.js:60:22)
2026-04-03 01:01:14 [error]: error: operator does not exist: bigint = character varying
    at C:\Users\Teacher\Music\invencea\backend\node_modules\pg-pool\index.js:45:11
    at process.processTicksAndRejections (node:internal/process/task_queues:103:5)
    at async getRecentRequests (C:\Users\Teacher\Music\invencea\backend\src\controllers\admin.controller.js:60:22)
2026-04-03 01:03:05 [error]: error: operator does not exist: bigint = character varying
    at C:\Users\Teacher\Music\invencea\backend\node_modules\pg-pool\index.js:45:11
    at process.processTicksAndRejections (node:internal/process/task_queues:103:5)
    at async getRecentRequests (C:\Users\Teacher\Music\invencea\backend\src\controllers\admin.controller.js:60:22)
2026-04-03 01:03:05 [error]: error: operator does not exist: bigint = character varying
    at C:\Users\Teacher\Music\invencea\backend\node_modules\pg-pool\index.js:45:11
    at process.processTicksAndRejections (node:internal/process/task_queues:103:5)
    at async getRecentRequests (C:\Users\Teacher\Music\invencea\backend\src\controllers\admin.controller.js:60:22)
2026-04-03 01:03:47 [error]: error: operator does not exist: bigint = character varying
    at C:\Users\Teacher\Music\invencea\backend\node_modules\pg-pool\index.js:45:11
    at process.processTicksAndRejections (node:internal/process/task_queues:103:5)
    at async getRecentRequests (C:\Users\Teacher\Music\invencea\backend\src\controllers\admin.controller.js:60:22)
2026-04-03 01:03:47 [error]: error: operator does not exist: bigint = character varying
    at C:\Users\Teacher\Music\invencea\backend\node_modules\pg-pool\index.js:45:11
    at process.processTicksAndRejections (node:internal/process/task_queues:103:5)
    at async getRecentRequests (C:\Users\Teacher\Music\invencea\backend\src\controllers\admin.controller.js:60:22)
2026-04-03 01:03:52 [error]: error: operator does not exist: bigint = character varying
    at C:\Users\Teacher\Music\invencea\backend\node_modules\pg-pool\index.js:45:11
    at process.processTicksAndRejections (node:internal/process/task_queues:103:5)
    at async getRecentRequests (C:\Users\Teacher\Music\invencea\backend\src\controllers\admin.controller.js:60:22)
2026-04-03 01:03:53 [error]: error: operator does not exist: bigint = character varying
    at C:\Users\Teacher\Music\invencea\backend\node_modules\pg-pool\index.js:45:11
    at process.processTicksAndRejections (node:internal/process/task_queues:103:5)
    at async getRecentRequests (C:\Users\Teacher\Music\invencea\backend\src\controllers\admin.controller.js:60:22)
2026-04-03 01:07:57 [error]: error: operator does not exist: bigint = character varying
    at C:\Users\Teacher\Music\invencea\backend\node_modules\pg-pool\index.js:45:11
    at process.processTicksAndRejections (node:internal/process/task_queues:103:5)
    at async getRecentRequests (C:\Users\Teacher\Music\invencea\backend\src\controllers\admin.controller.js:60:22)
